Log_ID,Source_VM,Target_Hypervisor,CPU_Utilization_Pct,Request_Frequency_Hz,Label,Byte_0,Byte_1,Byte_2,Byte_3,Byte_4,Byte_5,Byte_6,Byte_7,Byte_8,Byte_9,Byte_10,Byte_11,Byte_12,Byte_13,Byte_14,Byte_15
Log_1,VM_5,H_5,77.42,17,Normal,207,200,190,75,171,37,210,187,70,248,226,47,17,143,182,38
Log_2,VM_51,H_10,59.51,79,Normal,195,186,88,223,61,231,140,108,80,240,228,133,210,76,248,187
Log_3,VM_22,H_10,15.58,23,Normal,89,13,94,53,131,251,38,71,24,76,159,186,229,190,165,119
Log_4,VM_31,H_12,38.13,96,Normal,219,52,221,194,155,130,236,245,225,207,149,95,252,165,199,246
Log_5,VM_3,H_18,55.26,60,Normal,71,61,184,5,205,31,98,137,130,186,75,176,58,30,92,254
Log_6,VM_30,H_1,34.55,49,Normal,68,189,51,88,126,168,30,253,212,249,83,230,126,149,131,12
Log_7,VM_21,H_3,29.14,64,Normal,44,126,169,113,176,19,243,204,80,181,163,224,128,142,204,16
Log_8,VM_35,H_5,50.42,72,Normal,151,57,71,241,218,108,22,173,71,7,58,217,110,186,12,166
Log_9,VM_6,H_17,75.35,61,Normal,228,240,155,216,188,15,118,1,245,209,254,144,29,102,12,95
Log_10,VM_28,H_8,12.45,58,Normal,241,220,237,93,81,12,170,212,93,148,111,54,80,167,210,115
Log_11,VM_32,H_17,63.85,41,Normal,142,200,179,201,107,222,52,214,127,179,157,160,56,51,136,181
Log_12,VM_42,H_9,60.59,87,Normal,110,0,43,226,74,97,207,8,31,14,139,224,236,205,248,184
Log_13,VM_37,H_6,77.48,41,Normal,135,71,154,189,11,64,106,231,41,189,114,138,102,170,94,16
Log_14,VM_25,H_17,75.15,18,Normal,224,159,249,220,212,84,167,150,55,133,85,177,101,164,236,191
Log_15,VM_32,H_8,63.36,99,Normal,242,53,199,232,176,226,114,138,87,48,148,114,193,62,103,82
Log_16,VM_35,H_7,46.43,96,Normal,102,155,250,16,5,146,183,229,27,193,37,118,36,114,243,67
Log_17,VM_22,H_7,24.3,48,Normal,213,217,176,42,163,57,12,51,57,31,208,104,227,246,187,237
Log_18,VM_24,H_15,48.17,87,Normal,82,185,251,98,237,103,183,250,27,128,169,209,47,39,96,190
Log_19,VM_39,H_7,63.57,46,Normal,203,199,215,207,113,131,165,235,154,136,110,143,183,75,30,215
Log_20,VM_54,H_8,72.7,5,Normal,118,141,236,24,254,33,66,249,151,253,117,233,72,25,147,191
Log_21,VM_30,H_9,65.28,27,Normal,103,9,210,66,151,4,194,185,26,207,112,14,162,203,104,180
Log_22,VM_50,H_15,23.67,68,Normal,43,25,174,161,214,94,177,83,139,214,131,86,175,182,111,128
Log_23,VM_32,H_2,51.98,32,Normal,245,88,65,157,130,121,148,216,83,176,115,213,212,189,252,224
Log_24,VM_31,H_7,33.25,8,Normal,115,37,252,142,249,249,109,179,206,45,24,20,215,120,121,132
Log_25,VM_23,H_15,10.64,45,Normal,69,112,106,111,107,46,214,195,90,17,148,219,226,213,103,150
Log_26,VM_40,H_18,24.02,64,Normal,191,194,39,241,137,88,179,240,199,246,202,60,191,4,121,236
Log_27,VM_33,H_18,17.93,22,Normal,180,54,36,55,186,236,101,92,196,72,58,239,1,192,103,187
Log_28,VM_25,H_10,68.99,67,Normal,50,29,10,219,107,75,166,89,204,122,199,190,191,188,124,181
Log_29,VM_36,H_18,28.1,65,Normal,219,121,93,200,102,222,185,212,183,238,161,246,30,51,88,75
Log_30,VM_24,H_1,29.93,53,Normal,128,182,21,39,100,110,128,64,248,190,233,181,169,148,78,208
Log_31,VM_31,H_7,77.2,51,Normal,21,165,98,236,207,7,189,174,16,16,245,89,140,144,165,80
Log_32,VM_58,H_3,36.54,43,Normal,239,77,172,5,162,109,13,238,71,188,142,53,252,26,12,240
Log_33,VM_39,H_14,10.67,93,Normal,158,244,247,162,59,5,196,213,57,48,150,216,161,25,46,4
Log_34,VM_46,H_12,29.87,86,Normal,217,19,133,197,58,191,241,145,131,16,248,13,205,12,134,127
Log_35,VM_13,H_14,18.35,10,Normal,43,118,142,18,62,234,238,235,162,80,162,146,147,99,162,159
Log_36,VM_10,H_4,17.2,87,Normal,121,175,43,103,151,60,124,144,70,106,49,64,98,31,163,140
Log_37,VM_23,H_13,15.42,57,Normal,197,57,127,141,164,111,206,238,253,67,39,186,207,219,143,189
Log_38,VM_18,H_16,51.53,80,Normal,131,172,89,27,95,236,193,30,2,245,135,23,14,170,158,200
Log_39,VM_32,H_16,23.25,29,Normal,230,44,193,7,70,247,107,114,102,233,124,56,207,226,29,201
Log_40,VM_33,H_5,35.29,69,Normal,229,145,113,196,116,220,166,59,97,170,125,172,150,196,93,133
Log_41,VM_36,H_20,70.34,9,Normal,183,121,252,237,107,3,92,150,5,31,105,145,14,167,121,95
Log_42,VM_28,H_6,39.7,69,Normal,200,228,201,211,5,111,119,122,190,66,105,138,42,144,95,131
Log_43,VM_16,H_6,74.1,12,Normal,190,195,80,40,210,132,159,213,247,197,34,21,192,211,149,111
Log_44,VM_16,H_18,44.86,43,Normal,246,10,204,250,233,2,136,59,75,86,13,224,17,112,250,232
Log_45,VM_18,H_6,37.92,47,Normal,72,22,201,82,124,174,68,46,115,214,29,24,155,225,236,247
Log_46,VM_8,H_7,85.65,1193,Hypervisor_Attack,111,238,24,73,205,233,248,237,57,93,118,126,168,24,77,98
Log_47,VM_42,H_16,15.12,77,Normal,115,47,225,9,98,202,10,84,148,213,172,134,246,208,191,125
Log_48,VM_16,H_9,85.26,1681,Hypervisor_Attack,63,1,75,120,41,209,53,250,74,15,240,242,17,226,244,186
Log_49,VM_55,H_13,55.64,8,Normal,89,143,5,184,107,234,174,238,47,41,75,187,76,131,230,245
Log_50,VM_56,H_12,44.09,97,Normal,129,217,58,154,26,78,254,71,6,190,110,118,173,62,231,123
Log_51,VM_11,H_19,65.33,5,Normal,11,140,253,42,16,62,252,208,119,35,212,7,68,89,207,35
Log_52,VM_6,H_1,74.14,98,Normal,27,117,92,174,75,100,157,150,143,13,201,70,236,179,123,124
Log_53,VM_1,H_8,37.19,60,Normal,36,28,194,142,227,174,173,179,18,204,105,20,63,164,26,54
Log_54,VM_12,H_4,51.75,49,Normal,243,28,147,24,69,62,163,129,149,223,15,145,196,181,99,29
Log_55,VM_57,H_19,45.05,69,Normal,44,18,214,33,140,170,61,117,220,99,21,179,179,110,163,72
Log_56,VM_38,H_5,78.71,7,Normal,230,242,146,37,69,115,238,78,184,147,8,31,131,49,81,4
Log_57,VM_28,H_17,68.18,26,Normal,147,86,125,74,164,21,185,67,220,43,33,76,41,136,105,94
Log_58,VM_45,H_3,73.82,76,Normal,134,67,146,233,221,158,127,162,184,84,188,158,82,94,180,31
Log_59,VM_58,H_19,96.09,972,Hypervisor_Attack,65,186,115,137,129,193,59,215,16,95,143,15,45,166,244,158
Log_60,VM_17,H_1,64.08,22,Normal,106,87,128,138,118,84,3,70,153,110,49,139,94,208,224,202
Log_61,VM_1,H_1,99.39,1039,Hypervisor_Attack,91,223,64,46,219,180,105,198,129,105,23,3,107,18,153,202
Log_62,VM_32,H_20,24.61,52,Normal,39,49,170,74,236,194,11,194,233,26,112,181,193,48,143,129
Log_63,VM_8,H_9,76.1,88,Normal,59,181,29,83,165,27,24,95,124,9,187,41,39,224,76,247
Log_64,VM_54,H_5,11.35,35,Normal,104,117,41,46,164,245,207,236,21,184,211,241,106,26,40,79
Log_65,VM_40,H_7,77.58,34,Normal,161,159,217,88,65,11,167,72,75,89,200,9,95,248,225,175
Log_66,VM_56,H_6,20.45,84,Normal,19,38,59,65,64,178,123,163,151,245,154,129,158,56,77,193
Log_67,VM_43,H_17,67.36,70,Normal,28,14,11,100,155,83,124,102,23,148,137,109,77,100,145,215
Log_68,VM_46,H_17,29.31,85,Normal,141,161,127,57,75,149,247,197,35,172,163,21,205,126,79,188
Log_69,VM_24,H_13,99.3,790,Hypervisor_Attack,99,183,216,95,160,172,163,147,17,37,194,150,223,108,122,143
Log_70,VM_10,H_12,25.17,75,Normal,186,196,195,148,103,242,205,230,222,205,197,139,143,80,236,86
Log_71,VM_47,H_4,50.99,63,Normal,141,60,198,45,31,14,43,144,168,53,238,43,97,4,108,26
Log_72,VM_39,H_8,34.37,55,Normal,115,86,103,122,205,78,42,96,244,30,98,16,219,82,109,181
Log_73,VM_39,H_5,56.02,13,Normal,189,214,31,167,140,250,211,34,132,200,28,69,254,152,94,21
Log_74,VM_10,H_5,11.1,58,Normal,193,172,68,251,218,88,71,246,128,211,171,86,95,74,166,238
Log_75,VM_36,H_13,14.51,66,Normal,53,87,202,156,53,217,15,98,19,45,194,192,126,57,180,110
Log_76,VM_25,H_11,16.98,85,Normal,128,80,193,156,83,69,7,28,111,178,160,130,187,162,196,218
Log_77,VM_60,H_8,39.33,13,Normal,107,203,211,108,19,72,166,3,242,245,18,101,218,172,170,140
Log_78,VM_50,H_8,67.04,13,Normal,140,187,184,85,219,51,110,180,108,85,42,210,199,243,199,41
Log_79,VM_59,H_1,72.17,28,Normal,89,239,114,25,150,42,76,155,136,19,183,210,239,38,178,11
Log_80,VM_57,H_13,27.14,43,Normal,206,222,182,205,10,153,41,154,10,37,97,170,18,191,133,173
Log_81,VM_10,H_5,50.21,79,Normal,115,229,112,169,219,64,98,231,71,186,51,117,174,119,6,10
Log_82,VM_19,H_8,63.79,12,Normal,102,60,67,152,139,153,101,109,139,170,50,116,164,45,52,87
Log_83,VM_46,H_17,30.22,29,Normal,207,120,12,88,124,117,53,184,115,117,3,74,223,48,6,109
Log_84,VM_45,H_13,38.63,70,Normal,121,10,91,181,232,214,172,22,241,27,234,110,56,25,152,53
Log_85,VM_15,H_9,46.68,14,Normal,28,210,96,163,13,77,34,29,91,16,194,207,237,157,243,92
Log_86,VM_16,H_2,19.44,28,Normal,172,78,109,247,216,178,101,105,250,46,180,63,245,243,249,165
Log_87,VM_2,H_19,11.82,84,Normal,63,86,216,233,6,21,80,209,240,168,73,137,184,134,239,124
Log_88,VM_29,H_20,20.7,87,Normal,49,229,218,51,160,0,235,180,187,161,3,144,131,170,245,217
Log_89,VM_4,H_17,53.88,63,Normal,3,0,70,221,177,200,188,34,7,252,151,210,35,177,243,122
Log_90,VM_53,H_7,15.15,35,Normal,42,26,31,77,120,145,155,251,156,15,98,46,250,186,30,3
Log_91,VM_50,H_3,23.28,15,Normal,164,16,38,47,173,217,175,38,232,131,29,157,21,202,65,107
Log_92,VM_29,H_19,33.65,10,Normal,11,221,35,17,89,180,254,198,252,0,126,185,89,86,89,236
Log_93,VM_31,H_19,15.45,74,Normal,133,69,43,199,151,85,18,100,145,94,253,100,29,248,169,32
Log_94,VM_17,H_9,23.42,36,Normal,201,228,11,117,93,154,166,136,245,148,75,246,28,160,234,189
Log_95,VM_10,H_10,73.79,43,Normal,116,14,1,179,230,116,171,181,17,2,134,170,209,235,165,164
Log_96,VM_27,H_14,11.35,52,Normal,185,160,107,186,94,121,10,67,122,209,195,112,97,92,215,21
Log_97,VM_53,H_18,55.74,17,Normal,193,171,126,133,169,24,246,184,84,54,250,143,94,141,166,155
Log_98,VM_41,H_15,36.91,63,Normal,223,219,178,118,176,8,185,172,149,159,196,214,196,41,52,223
Log_99,VM_15,H_1,57.09,71,Normal,186,73,250,38,121,14,198,156,122,110,130,82,9,91,28,206
Log_100,VM_60,H_6,51.21,60,Normal,34,5,139,110,37,76,92,146,66,135,7,246,121,83,174,131
Log_101,VM_44,H_15,25.64,45,Normal,178,84,194,44,135,86,15,76,194,239,8,59,77,76,244,248
Log_102,VM_31,H_6,69.3,60,Normal,70,14,70,101,225,168,21,151,112,228,171,0,9,234,207,109
Log_103,VM_21,H_18,44.44,39,Normal,199,183,112,216,49,11,88,208,187,153,237,111,77,168,163,120
Log_104,VM_60,H_1,67.58,42,Normal,22,170,133,238,196,170,24,17,189,140,42,77,27,145,58,187
Log_105,VM_59,H_3,38.42,85,Normal,62,184,91,178,55,154,159,110,136,231,223,211,219,224,67,45
Log_106,VM_58,H_17,78.93,71,Normal,248,225,239,66,153,135,5,207,23,175,230,93,172,12,196,24
Log_107,VM_41,H_16,63.93,38,Normal,147,117,81,110,81,65,201,246,44,113,174,62,75,238,204,113
Log_108,VM_46,H_8,77.62,80,Normal,110,248,182,202,146,34,230,52,25,237,13,117,44,171,215,232
Log_109,VM_45,H_17,46.0,92,Normal,192,50,170,118,213,150,183,245,18,81,75,182,219,91,187,186
Log_110,VM_60,H_8,43.16,74,Normal,32,146,27,122,179,252,125,176,36,153,98,97,126,226,167,79
Log_111,VM_26,H_17,62.88,15,Normal,37,76,125,86,251,53,149,15,27,239,162,187,172,45,71,235
Log_112,VM_38,H_9,71.62,31,Normal,182,246,213,84,25,231,84,152,232,64,133,150,114,63,86,170
Log_113,VM_51,H_12,77.49,52,Normal,106,150,95,157,76,234,145,86,206,224,148,56,102,150,90,44
Log_114,VM_36,H_19,32.72,28,Normal,171,209,87,114,46,167,178,169,134,49,175,83,90,133,90,136
Log_115,VM_52,H_4,65.91,22,Normal,244,108,56,30,20,89,39,111,44,76,176,86,147,100,245,116
Log_116,VM_17,H_11,24.75,31,Normal,91,144,27,168,193,24,57,241,40,133,74,248,252,37,133,172
Log_117,VM_51,H_4,91.06,738,Hypervisor_Attack,74,141,65,167,2,246,116,98,224,151,18,145,191,240,115,124
Log_118,VM_3,H_14,22.59,59,Normal,87,236,34,189,0,227,152,172,176,251,125,234,225,88,143,225
Log_119,VM_14,H_14,34.32,25,Normal,220,146,150,210,24,15,181,242,72,128,41,146,224,161,79,235
Log_120,VM_49,H_6,75.2,63,Normal,103,182,145,33,88,124,44,133,20,121,69,95,104,47,234,38
Log_121,VM_13,H_17,20.23,38,Normal,30,233,9,29,248,243,17,187,87,243,124,72,222,14,3,190
Log_122,VM_41,H_2,54.27,62,Normal,167,8,108,136,153,131,208,15,142,98,120,51,68,246,4,19
Log_123,VM_27,H_8,51.51,52,Normal,78,145,110,1,92,12,3,169,108,73,188,94,104,7,66,239
Log_124,VM_1,H_4,94.8,1968,Hypervisor_Attack,190,109,8,221,116,10,98,228,252,41,140,163,119,140,11,36
Log_125,VM_57,H_10,32.82,22,Normal,73,251,247,72,51,198,129,245,55,59,22,102,39,63,230,84
Log_126,VM_17,H_7,49.41,7,Normal,150,156,205,217,178,196,246,222,88,30,177,19,235,182,208,236
Log_127,VM_48,H_4,23.1,28,Normal,129,152,12,121,102,219,105,118,69,194,185,98,81,74,117,83
Log_128,VM_50,H_16,66.04,5,Normal,191,68,210,213,58,187,210,125,110,61,143,127,215,104,67,14
Log_129,VM_34,H_14,78.05,10,Normal,216,235,182,34,182,13,176,210,101,99,6,29,210,48,216,143
Log_130,VM_14,H_16,25.03,23,Normal,110,245,231,178,71,209,219,79,243,82,41,16,190,172,204,6
Log_131,VM_54,H_9,23.08,90,Normal,154,9,33,35,152,5,151,145,214,133,28,125,152,182,80,173
Log_132,VM_55,H_4,41.85,47,Normal,151,74,25,126,114,125,225,27,130,74,165,188,77,178,89,175
Log_133,VM_59,H_6,62.34,12,Normal,20,53,183,102,221,58,71,178,19,111,223,213,58,70,136,108
Log_134,VM_17,H_1,29.71,73,Normal,128,156,190,199,55,245,195,34,122,130,245,236,103,6,26,0
Log_135,VM_3,H_7,11.39,56,Normal,218,207,229,198,171,86,40,122,74,41,116,160,177,62,227,164
Log_136,VM_34,H_1,47.89,77,Normal,232,186,126,208,226,175,132,47,223,2,115,174,189,98,115,13
Log_137,VM_40,H_19,76.96,51,Normal,190,111,252,60,158,94,16,123,23,115,150,81,49,245,205,241
Log_138,VM_25,H_8,37.39,89,Normal,78,78,69,26,14,49,35,246,7,78,130,189,46,204,104,97
Log_139,VM_2,H_3,39.41,32,Normal,215,231,95,188,159,221,115,240,12,0,33,189,78,235,77,120
Log_140,VM_34,H_1,86.59,772,Hypervisor_Attack,92,97,81,245,198,220,246,158,191,252,152,37,13,135,90,53
Log_141,VM_26,H_1,58.62,8,Normal,129,208,100,205,88,55,93,92,83,84,188,244,21,34,228,15
Log_142,VM_31,H_7,60.34,92,Normal,49,121,127,112,170,16,79,185,246,129,131,84,166,225,93,133
Log_143,VM_9,H_13,49.39,12,Normal,80,230,216,68,68,147,191,15,50,104,164,231,200,196,169,184
Log_144,VM_30,H_1,78.22,65,Normal,65,8,106,99,85,63,213,21,161,182,156,165,250,109,96,17
Log_145,VM_20,H_16,58.22,21,Normal,70,192,126,96,0,215,131,3,124,81,26,170,58,31,160,27
Log_146,VM_21,H_14,72.65,38,Normal,105,104,182,227,187,69,61,207,33,86,113,105,215,55,112,12
Log_147,VM_29,H_4,58.96,24,Normal,183,17,181,204,112,228,170,38,188,169,208,78,145,150,181,242
Log_148,VM_59,H_12,61.46,84,Normal,29,249,97,57,195,66,70,247,145,105,6,39,69,213,249,192
Log_149,VM_25,H_12,30.33,78,Normal,67,237,48,51,113,106,28,148,217,77,8,250,174,75,41,178
Log_150,VM_38,H_17,31.24,38,Normal,183,178,197,127,19,215,154,165,71,64,181,240,112,23,127,174
Log_151,VM_58,H_15,64.81,47,Normal,198,82,213,62,184,182,59,98,61,29,220,21,202,211,125,156
Log_152,VM_44,H_10,30.77,14,Normal,242,168,41,97,192,30,157,111,145,246,121,16,37,141,214,216
Log_153,VM_25,H_3,49.39,98,Normal,206,109,183,21,194,55,118,146,56,171,225,34,113,124,128,51
Log_154,VM_9,H_20,27.45,34,Normal,84,220,197,164,64,178,128,218,20,180,15,235,122,60,53,167
Log_155,VM_39,H_20,67.19,29,Normal,25,79,219,64,99,73,191,170,16,120,186,22,134,171,180,70
Log_156,VM_44,H_12,87.6,1174,Hypervisor_Attack,107,78,161,45,236,195,205,77,15,70,95,146,1,9,177,124
Log_157,VM_26,H_1,88.35,1367,Hypervisor_Attack,80,228,139,69,149,31,104,83,128,181,238,244,57,197,210,145
Log_158,VM_57,H_1,52.19,75,Normal,133,44,96,22,22,153,204,134,78,43,26,25,96,206,35,108
Log_159,VM_37,H_10,86.37,567,Hypervisor_Attack,54,191,218,184,68,60,129,54,121,96,79,86,37,118,207,77
Log_160,VM_16,H_18,47.94,88,Normal,156,153,34,78,66,86,156,33,96,168,168,150,70,2,57,31
Log_161,VM_37,H_15,93.73,1923,Hypervisor_Attack,30,81,42,134,104,0,60,13,179,223,5,102,9,70,89,225
Log_162,VM_12,H_2,32.64,7,Normal,157,227,148,125,187,208,96,73,114,190,238,169,50,191,203,55
Log_163,VM_24,H_17,34.61,50,Normal,207,40,31,14,61,154,27,208,63,237,186,241,185,129,126,35
Log_164,VM_26,H_8,14.43,40,Normal,113,198,12,14,88,214,187,21,190,217,224,202,73,24,100,175
Log_165,VM_20,H_9,79.02,30,Normal,170,116,165,40,172,87,167,109,119,96,144,215,228,56,129,95
Log_166,VM_9,H_20,12.21,14,Normal,120,251,61,215,136,67,80,16,116,49,111,93,167,185,202,84
Log_167,VM_23,H_11,56.37,38,Normal,148,145,182,156,151,73,108,144,17,41,239,211,100,44,81,16
Log_168,VM_39,H_6,35.99,82,Normal,72,13,176,156,222,131,81,250,147,119,119,46,106,107,8,204
Log_169,VM_29,H_14,55.22,12,Normal,78,154,14,219,228,246,18,89,179,25,216,153,153,173,91,176
Log_170,VM_31,H_1,34.94,59,Normal,81,223,180,130,193,224,41,18,16,235,160,75,176,183,62,130
Log_171,VM_19,H_7,57.16,95,Normal,106,48,54,153,98,199,51,99,116,117,6,45,45,99,143,151
Log_172,VM_20,H_9,61.05,14,Normal,188,53,61,128,48,24,9,117,207,143,185,199,156,230,91,133
Log_173,VM_23,H_11,58.34,61,Normal,143,147,79,70,232,77,42,153,89,77,198,160,25,120,44,211
Log_174,VM_43,H_16,17.98,83,Normal,62,194,179,67,252,153,202,1,141,107,29,48,139,217,43,160
Log_175,VM_27,H_19,55.98,90,Normal,12,77,215,125,97,235,25,148,155,47,227,167,65,233,200,86
Log_176,VM_30,H_2,29.6,49,Normal,78,204,22,80,253,47,123,129,83,19,186,45,130,182,11,39
Log_177,VM_21,H_15,95.02,1981,Hypervisor_Attack,65,99,77,15,82,161,43,252,237,133,204,191,99,21,17,11
Log_178,VM_44,H_3,39.04,68,Normal,179,122,245,221,116,50,231,70,223,47,18,5,83,154,52,106
Log_179,VM_35,H_4,40.35,99,Normal,100,47,134,186,68,10,142,191,130,121,68,22,180,36,8,14
Log_180,VM_49,H_20,42.7,6,Normal,130,92,197,16,153,148,71,148,120,10,165,71,105,215,124,34
Log_181,VM_7,H_7,59.34,49,Normal,118,13,246,13,9,139,37,107,118,237,33,168,9,121,144,144
Log_182,VM_22,H_12,31.62,99,Normal,194,189,222,114,0,11,102,3,169,140,97,105,84,213,120,131
Log_183,VM_10,H_4,32.07,66,Normal,81,196,18,129,11,80,73,97,5,135,124,50,10,190,184,126
Log_184,VM_23,H_10,14.24,18,Normal,139,72,1,7,249,138,123,52,227,9,212,211,111,7,35,220
Log_185,VM_15,H_6,58.08,78,Normal,105,203,252,13,239,181,241,212,85,148,235,49,221,166,19,215
Log_186,VM_30,H_14,49.75,98,Normal,86,134,136,128,153,165,37,245,188,43,85,43,73,118,189,121
Log_187,VM_34,H_3,34.46,19,Normal,133,144,50,241,37,151,50,9,119,199,148,247,69,84,56,125
Log_188,VM_13,H_17,89.23,1347,Hypervisor_Attack,38,215,32,186,17,183,219,56,243,95,203,47,41,26,73,109
Log_189,VM_60,H_11,47.62,35,Normal,248,179,169,31,233,25,24,74,22,225,56,179,231,125,86,220
Log_190,VM_4,H_10,42.85,33,Normal,30,63,198,231,32,212,1,17,174,160,228,225,83,34,178,113
Log_191,VM_18,H_10,45.79,31,Normal,252,245,145,109,253,87,71,124,29,171,52,137,86,179,176,138
Log_192,VM_56,H_10,54.54,89,Normal,193,185,217,163,160,174,12,39,88,67,41,146,209,228,93,18
Log_193,VM_23,H_3,56.2,13,Normal,185,22,250,53,207,64,139,23,33,52,248,135,17,56,111,4
Log_194,VM_33,H_15,30.23,24,Normal,153,157,181,12,82,28,2,89,103,122,185,249,254,75,129,202
Log_195,VM_34,H_17,19.85,62,Normal,107,155,81,76,228,213,203,1,126,228,134,25,217,87,203,15
Log_196,VM_34,H_18,20.96,83,Normal,150,167,253,187,72,31,14,228,140,4,202,73,51,76,168,180
Log_197,VM_36,H_19,54.76,92,Normal,109,177,142,105,247,126,6,39,155,159,98,254,142,239,227,84
Log_198,VM_35,H_19,71.1,53,Normal,197,64,131,10,107,25,188,164,150,220,84,239,236,236,240,218
Log_199,VM_17,H_12,38.66,61,Normal,230,167,204,150,122,143,221,188,254,67,103,79,158,52,105,152
Log_200,VM_28,H_5,21.87,20,Normal,43,139,89,100,239,96,219,8,11,68,181,243,181,27,55,98
Log_201,VM_14,H_16,62.96,79,Normal,196,225,109,225,76,102,105,108,111,57,77,74,41,165,67,180
Log_202,VM_34,H_15,68.27,12,Normal,32,70,55,104,199,100,50,73,170,120,142,165,142,4,220,82
Log_203,VM_48,H_15,71.64,71,Normal,181,50,9,139,245,3,94,145,79,231,35,24,214,203,97,163
Log_204,VM_11,H_6,52.48,23,Normal,100,194,8,60,52,145,170,162,253,62,120,246,225,104,205,3
Log_205,VM_57,H_12,98.72,1991,Hypervisor_Attack,92,168,254,172,177,206,27,169,79,75,115,68,97,233,0,166
Log_206,VM_13,H_2,11.08,40,Normal,95,217,16,111,250,90,87,162,173,169,245,166,89,48,189,37
Log_207,VM_33,H_20,17.51,93,Normal,150,149,131,176,58,200,67,198,214,129,48,215,231,246,125,222
Log_208,VM_57,H_9,16.48,64,Normal,238,158,110,167,47,50,42,97,182,215,176,123,217,79,184,110
Log_209,VM_55,H_4,93.15,1925,Hypervisor_Attack,204,142,26,195,207,191,221,235,157,163,194,213,112,85,113,248
Log_210,VM_2,H_5,14.87,15,Normal,241,246,123,48,75,54,212,55,195,94,43,158,185,86,245,180
Log_211,VM_34,H_8,89.78,1465,Hypervisor_Attack,83,206,150,155,15,164,148,206,144,241,36,76,146,157,44,145
Log_212,VM_53,H_10,85.77,1413,Hypervisor_Attack,205,61,163,99,211,51,18,108,43,6,248,171,116,67,250,33
Log_213,VM_29,H_7,31.75,59,Normal,193,68,54,9,223,41,40,204,230,196,121,137,9,101,218,187
Log_214,VM_37,H_14,87.83,517,Hypervisor_Attack,127,178,148,135,192,91,112,230,77,84,29,212,48,8,144,68
Log_215,VM_4,H_5,21.93,21,Normal,57,184,61,222,51,188,39,165,170,62,146,227,49,160,140,77
Log_216,VM_12,H_16,34.67,66,Normal,247,96,189,220,42,176,35,121,107,9,94,5,56,128,70,185
Log_217,VM_26,H_15,64.19,46,Normal,218,20,91,126,79,55,237,214,115,147,229,181,24,155,4,119
Log_218,VM_58,H_5,12.13,28,Normal,20,17,174,197,56,92,18,127,96,192,236,130,169,20,226,232
Log_219,VM_28,H_3,57.11,21,Normal,39,66,152,126,236,229,236,54,211,179,171,108,97,212,183,182
Log_220,VM_3,H_10,67.15,52,Normal,111,214,197,114,116,204,240,86,200,80,252,65,18,210,247,134
Log_221,VM_20,H_5,88.29,846,Hypervisor_Attack,117,190,41,41,58,19,72,16,26,174,1,62,61,99,18,16
Log_222,VM_10,H_15,71.34,90,Normal,68,166,209,116,245,250,198,80,38,35,167,172,131,229,152,196
Log_223,VM_52,H_18,32.36,74,Normal,157,203,195,215,28,200,195,50,151,13,68,145,169,56,210,11
Log_224,VM_18,H_8,91.29,1523,Hypervisor_Attack,209,16,29,87,202,98,22,208,128,78,31,251,8,14,155,151
Log_225,VM_53,H_2,89.46,1656,Hypervisor_Attack,187,252,162,213,26,210,108,75,147,64,212,176,108,128,9,46
Log_226,VM_53,H_8,92.06,1075,Hypervisor_Attack,122,58,95,189,102,123,85,145,111,173,159,26,219,17,250,166
Log_227,VM_53,H_8,16.6,16,Normal,176,220,81,171,71,53,222,253,161,70,163,145,251,37,186,254
Log_228,VM_27,H_4,85.69,1779,Hypervisor_Attack,136,250,200,237,199,254,178,34,81,132,141,219,157,3,166,211
Log_229,VM_31,H_19,71.26,9,Normal,191,152,155,203,193,234,205,149,158,22,47,147,124,165,54,67
Log_230,VM_27,H_18,34.3,24,Normal,206,87,216,0,134,184,94,139,105,132,107,177,41,101,123,139
Log_231,VM_42,H_1,49.33,58,Normal,102,145,193,73,206,221,107,121,16,195,70,61,40,222,242,251
Log_232,VM_1,H_20,40.34,59,Normal,250,246,230,118,161,197,241,229,44,57,178,125,161,43,14,77
Log_233,VM_6,H_15,42.12,62,Normal,69,177,100,241,159,194,2,213,85,73,50,66,252,75,92,175
Log_234,VM_11,H_18,77.87,83,Normal,144,6,12,119,65,3,137,230,87,16,51,133,210,68,223,201
Log_235,VM_34,H_12,30.73,94,Normal,136,218,204,210,20,23,229,3,151,186,226,2,67,248,100,167
Log_236,VM_39,H_1,53.91,34,Normal,175,53,34,222,55,107,216,39,204,67,45,77,140,154,5,16
Log_237,VM_20,H_7,39.4,28,Normal,163,231,240,98,80,232,1,248,76,179,65,51,91,170,250,217
Log_238,VM_53,H_19,14.28,91,Normal,21,110,106,182,66,226,187,185,139,215,68,83,102,38,12,40
Log_239,VM_21,H_1,44.25,77,Normal,56,180,236,11,12,119,201,96,56,39,117,79,127,172,34,2
Log_240,VM_21,H_7,66.93,7,Normal,119,4,217,10,125,70,116,183,137,105,115,161,66,199,30,74
Log_241,VM_18,H_2,16.91,52,Normal,236,70,236,65,69,40,190,159,19,184,225,177,207,152,139,198
Log_242,VM_21,H_7,14.87,75,Normal,38,144,44,138,69,124,150,90,237,69,165,129,213,83,88,78
Log_243,VM_19,H_19,99.94,1150,Hypervisor_Attack,251,112,92,71,164,48,51,32,21,113,238,132,230,17,165,117
Log_244,VM_4,H_13,63.51,18,Normal,116,36,221,242,222,63,137,78,169,122,175,43,81,86,224,15
Log_245,VM_13,H_5,60.68,52,Normal,53,101,162,97,155,1,93,140,168,207,58,68,118,91,180,230
Log_246,VM_18,H_19,49.55,33,Normal,44,147,23,188,90,93,57,236,154,153,127,6,169,46,52,186
Log_247,VM_52,H_1,42.78,54,Normal,37,196,214,219,225,52,142,223,153,47,94,146,136,63,92,181
Log_248,VM_29,H_1,72.18,84,Normal,124,249,178,38,3,125,2,247,63,28,115,10,96,101,185,202
Log_249,VM_25,H_18,63.67,14,Normal,154,224,20,38,222,101,45,65,90,163,202,110,81,122,192,190
Log_250,VM_56,H_1,66.84,75,Normal,98,34,158,155,102,128,24,42,229,83,194,190,50,129,209,125
Log_251,VM_13,H_5,66.93,93,Normal,235,252,191,201,68,8,1,161,187,229,188,158,9,113,75,163
Log_252,VM_27,H_9,54.99,31,Normal,245,84,48,238,69,239,176,130,201,132,237,217,188,212,236,89
Log_253,VM_60,H_12,42.06,83,Normal,229,254,235,25,71,4,253,14,122,143,0,143,164,2,179,46
Log_254,VM_19,H_9,70.53,32,Normal,94,12,119,207,54,234,148,65,181,154,165,89,185,61,250,101
Log_255,VM_49,H_18,74.82,13,Normal,173,216,138,199,7,96,116,198,63,229,20,199,114,245,190,84
Log_256,VM_1,H_11,11.67,75,Normal,191,247,19,7,57,45,30,241,248,92,239,8,14,93,153,137
Log_257,VM_38,H_1,13.61,84,Normal,28,245,79,35,83,108,117,36,85,70,150,168,231,92,79,101
Log_258,VM_19,H_19,87.55,1384,Hypervisor_Attack,155,175,165,158,13,116,224,248,72,248,254,90,215,204,89,28
Log_259,VM_52,H_10,87.85,764,Hypervisor_Attack,178,48,170,219,219,71,214,220,132,41,134,41,163,104,26,57
Log_260,VM_1,H_2,71.14,91,Normal,45,65,24,72,116,154,128,86,73,169,179,152,181,124,66,5
Log_261,VM_40,H_7,37.22,12,Normal,124,57,69,52,65,57,249,81,86,1,203,149,36,147,102,23
Log_262,VM_17,H_20,18.34,6,Normal,111,211,64,192,208,250,128,116,115,236,221,104,238,2,45,54
Log_263,VM_21,H_2,15.63,99,Normal,74,215,213,191,235,44,153,76,192,23,254,201,34,23,27,227
Log_264,VM_22,H_19,20.96,61,Normal,207,231,15,58,208,242,181,206,143,14,248,225,10,192,78,217
Log_265,VM_15,H_6,97.59,702,Hypervisor_Attack,114,67,42,68,226,140,137,74,209,225,102,40,233,177,214,198
Log_266,VM_50,H_10,90.41,557,Hypervisor_Attack,58,38,2,203,6,48,25,160,100,175,78,1,232,126,198,159
Log_267,VM_39,H_9,59.1,97,Normal,131,19,241,116,163,31,27,76,0,187,55,34,111,29,53,35
Log_268,VM_48,H_8,79.05,7,Normal,248,182,216,79,57,82,64,68,127,50,21,215,106,108,115,100
Log_269,VM_39,H_11,40.91,12,Normal,180,99,163,67,35,179,180,209,177,207,168,145,21,65,20,99
Log_270,VM_32,H_9,46.27,63,Normal,127,43,102,46,38,28,53,89,84,16,79,187,158,242,72,222
Log_271,VM_49,H_20,46.53,6,Normal,205,48,100,1,243,175,237,141,58,96,98,185,102,185,238,178
Log_272,VM_4,H_20,47.76,99,Normal,211,1,242,40,210,122,228,81,143,131,139,28,134,13,246,11
Log_273,VM_44,H_9,46.24,66,Normal,98,132,80,249,105,31,73,170,80,68,44,105,136,176,160,227
Log_274,VM_45,H_8,10.61,53,Normal,99,145,8,61,184,28,124,113,205,152,142,133,119,169,156,78
Log_275,VM_32,H_15,10.12,24,Normal,92,3,81,241,184,176,171,230,207,74,13,130,242,113,61,105
Log_276,VM_4,H_2,89.06,1364,Hypervisor_Attack,63,101,172,105,209,185,254,19,57,111,216,56,229,204,195,118
Log_277,VM_53,H_1,17.11,21,Normal,205,96,91,51,36,7,43,97,235,132,117,68,158,44,136,233
Log_278,VM_1,H_9,59.34,78,Normal,31,32,125,66,29,113,203,28,130,217,184,252,29,136,153,129
Log_279,VM_33,H_9,24.34,26,Normal,61,2,173,67,24,178,140,230,43,162,54,214,136,129,188,245
Log_280,VM_7,H_13,72.63,10,Normal,40,171,63,30,235,46,129,95,209,76,109,68,57,105,43,73
Log_281,VM_9,H_8,75.0,66,Normal,55,170,126,216,161,228,29,70,254,197,117,54,66,140,2,25
Log_282,VM_1,H_5,78.31,35,Normal,56,125,151,52,197,42,187,185,48,41,203,240,227,193,10,102
Log_283,VM_16,H_3,75.74,66,Normal,97,217,145,84,99,103,179,45,43,21,180,186,221,113,234,254
Log_284,VM_18,H_4,29.03,16,Normal,124,123,29,7,97,56,110,72,114,19,231,24,18,4,74,206
Log_285,VM_54,H_17,99.63,574,Hypervisor_Attack,127,71,210,214,154,39,223,25,26,189,82,127,177,169,156,166
Log_286,VM_47,H_16,22.28,67,Normal,187,168,32,210,228,210,96,110,15,22,134,25,95,11,71,132
Log_287,VM_6,H_16,66.43,20,Normal,105,219,116,196,176,25,132,21,206,12,155,160,106,22,96,234
Log_288,VM_2,H_20,72.19,29,Normal,17,241,116,29,25,143,204,38,160,153,175,192,240,165,129,112
Log_289,VM_9,H_3,69.59,26,Normal,133,45,49,165,105,215,145,154,168,71,219,73,16,246,189,156
Log_290,VM_4,H_6,40.34,95,Normal,185,69,205,149,245,5,25,166,139,98,141,21,50,150,175,198
Log_291,VM_45,H_1,63.11,92,Normal,103,177,88,140,212,232,137,244,182,250,8,78,51,129,152,12
Log_292,VM_23,H_16,16.83,80,Normal,225,50,185,33,34,229,130,254,233,119,186,69,246,175,191,240
Log_293,VM_54,H_15,12.82,22,Normal,146,66,209,102,72,115,203,132,66,138,120,93,195,196,128,90
Log_294,VM_43,H_7,87.55,1345,Hypervisor_Attack,91,62,28,209,11,76,40,129,36,172,207,175,23,98,149,99
Log_295,VM_45,H_2,39.77,84,Normal,138,246,57,173,28,162,239,245,142,59,94,41,232,42,207,73
Log_296,VM_43,H_10,79.69,72,Normal,176,191,159,63,242,1,151,214,65,165,30,114,231,25,28,194
Log_297,VM_51,H_15,16.81,16,Normal,249,77,24,47,64,180,66,245,89,145,136,37,86,148,248,64
Log_298,VM_8,H_6,69.89,53,Normal,148,26,105,122,197,246,43,99,27,172,16,126,122,167,249,243
Log_299,VM_39,H_2,43.6,37,Normal,130,75,230,203,193,247,45,213,214,157,68,136,84,10,68,98
Log_300,VM_25,H_17,67.9,90,Normal,90,240,193,215,158,160,166,93,173,164,114,219,187,30,10,86
Log_301,VM_16,H_1,67.2,67,Normal,120,129,231,104,26,226,1,102,100,20,57,132,179,172,84,92
Log_302,VM_35,H_1,74.12,22,Normal,19,254,60,37,147,241,24,129,120,159,25,197,168,248,66,224
Log_303,VM_17,H_4,30.85,58,Normal,0,50,4,12,146,139,47,152,56,114,34,75,93,4,225,21
Log_304,VM_18,H_20,76.49,31,Normal,102,204,184,174,181,130,123,52,211,158,68,215,103,245,160,199
Log_305,VM_60,H_16,20.62,87,Normal,215,177,211,251,15,241,115,75,204,108,233,38,88,173,223,253
Log_306,VM_27,H_8,15.74,82,Normal,215,111,46,171,136,231,241,214,127,177,76,187,250,223,241,14
Log_307,VM_15,H_1,40.21,29,Normal,35,240,62,68,213,207,168,73,23,209,48,145,6,3,89,196
Log_308,VM_60,H_19,89.88,669,Hypervisor_Attack,59,54,15,226,217,209,28,150,244,13,78,176,32,152,20,144
Log_309,VM_17,H_11,43.14,92,Normal,22,56,234,208,185,141,92,19,157,18,180,102,183,76,209,150
Log_310,VM_43,H_17,68.05,64,Normal,189,237,32,230,231,17,72,160,159,188,181,16,18,218,69,226
Log_311,VM_5,H_10,61.08,58,Normal,119,100,33,83,152,195,73,201,87,84,10,90,143,217,188,252
Log_312,VM_16,H_12,24.66,91,Normal,221,126,112,79,6,15,226,249,15,167,253,11,34,240,20,177
Log_313,VM_15,H_9,76.42,9,Normal,170,227,239,16,31,40,133,215,26,147,152,65,136,91,180,60
Log_314,VM_42,H_7,14.25,40,Normal,165,2,211,197,102,224,54,0,100,197,44,225,174,206,236,25
Log_315,VM_46,H_12,72.88,58,Normal,120,141,249,181,198,45,254,121,30,215,58,222,28,105,223,16
Log_316,VM_34,H_15,31.31,92,Normal,141,231,163,185,239,23,108,190,245,90,24,186,31,115,81,109
Log_317,VM_48,H_8,45.01,40,Normal,145,36,25,136,251,226,63,71,147,181,105,85,210,157,52,91
Log_318,VM_19,H_17,39.56,73,Normal,98,234,190,10,30,176,239,230,99,221,86,146,139,14,158,170
Log_319,VM_8,H_5,22.03,43,Normal,100,164,206,28,113,106,153,107,129,83,14,243,131,213,49,165
Log_320,VM_47,H_14,35.07,74,Normal,22,58,89,114,74,155,247,193,122,135,156,138,228,17,182,253
Log_321,VM_10,H_2,23.51,8,Normal,49,141,117,201,226,136,226,138,190,107,203,66,180,166,77,183
Log_322,VM_5,H_16,24.27,78,Normal,155,74,38,24,20,137,170,14,210,47,85,148,187,115,235,223
Log_323,VM_52,H_17,23.09,69,Normal,49,150,140,68,3,219,77,199,8,120,114,162,100,148,185,145
Log_324,VM_48,H_3,44.23,89,Normal,96,199,242,240,80,42,94,225,5,213,205,66,139,99,11,236
Log_325,VM_53,H_1,65.86,44,Normal,65,1,142,150,156,80,223,134,221,155,141,171,157,208,159,237
Log_326,VM_26,H_18,49.83,41,Normal,69,114,87,5,26,81,87,228,119,23,101,33,167,46,206,202
Log_327,VM_22,H_18,72.52,71,Normal,213,245,23,64,17,43,75,56,106,155,231,123,198,150,212,161
Log_328,VM_44,H_4,54.56,35,Normal,138,213,233,162,115,92,41,27,122,209,205,209,219,23,135,105
Log_329,VM_23,H_15,94.32,1061,Hypervisor_Attack,117,236,52,199,131,218,99,4,224,48,97,29,71,102,62,174
Log_330,VM_13,H_19,56.73,85,Normal,25,184,36,225,6,126,167,91,166,189,102,219,254,205,52,241
Log_331,VM_9,H_19,41.46,91,Normal,229,131,233,209,107,111,152,6,229,155,196,66,107,222,110,233
Log_332,VM_49,H_10,58.25,81,Normal,249,147,82,239,123,138,103,66,214,6,150,188,198,109,33,105
Log_333,VM_20,H_5,14.88,51,Normal,146,57,8,47,114,209,40,47,172,233,24,115,77,107,24,146
Log_334,VM_28,H_19,70.19,31,Normal,38,118,78,79,26,103,73,190,67,242,146,254,27,212,122,238
Log_335,VM_44,H_11,64.45,55,Normal,205,160,239,137,82,29,21,2,100,104,209,202,175,1,203,53
Log_336,VM_57,H_7,88.52,1050,Hypervisor_Attack,5,106,250,167,235,220,122,221,1,200,110,1,92,224,201,225
Log_337,VM_37,H_5,63.76,17,Normal,235,182,199,100,245,187,96,110,5,235,126,103,236,146,223,154
Log_338,VM_24,H_20,10.88,67,Normal,0,234,243,32,253,39,31,196,16,125,7,56,41,97,136,119
Log_339,VM_44,H_12,25.21,48,Normal,86,162,241,198,206,180,53,83,241,24,66,251,189,182,173,151
Log_340,VM_33,H_19,14.56,28,Normal,225,45,21,138,175,7,38,234,162,48,45,37,135,53,164,218
Log_341,VM_20,H_15,64.62,7,Normal,91,39,33,95,78,235,126,16,160,174,109,51,117,207,220,8
Log_342,VM_60,H_12,62.91,14,Normal,32,187,112,220,204,148,185,84,196,9,5,247,114,120,140,64
Log_343,VM_48,H_4,66.95,69,Normal,19,56,238,45,135,9,200,112,232,194,138,11,137,152,176,176
Log_344,VM_30,H_12,10.31,53,Normal,216,10,189,117,163,38,52,217,205,230,55,103,128,55,117,131
Log_345,VM_44,H_18,45.09,62,Normal,252,29,11,247,34,76,179,158,101,234,86,195,51,79,134,21
Log_346,VM_9,H_17,59.34,81,Normal,220,74,183,224,57,92,191,250,102,139,6,127,250,54,230,105
Log_347,VM_45,H_19,20.88,82,Normal,61,239,89,231,200,232,97,236,76,182,118,35,88,151,171,144
Log_348,VM_49,H_16,88.2,1611,Hypervisor_Attack,129,140,158,92,113,27,187,154,142,222,231,206,32,19,169,139
Log_349,VM_17,H_11,15.89,70,Normal,100,200,22,199,223,111,13,90,152,76,246,84,108,30,228,239
Log_350,VM_36,H_2,97.53,1743,Hypervisor_Attack,121,106,53,132,140,155,42,88,114,98,46,230,70,165,223,66
Log_351,VM_14,H_16,43.31,72,Normal,61,108,166,36,118,241,85,125,135,208,51,90,32,237,80,41
Log_352,VM_19,H_1,55.75,87,Normal,203,111,237,125,154,239,135,150,251,105,124,112,63,122,253,220
Log_353,VM_7,H_17,20.21,41,Normal,113,19,15,144,207,18,119,247,135,165,37,180,92,104,99,89
Log_354,VM_59,H_18,22.97,77,Normal,158,43,187,75,246,144,78,72,166,169,175,139,95,88,102,145
Log_355,VM_3,H_13,24.31,28,Normal,206,223,5,121,235,170,115,162,225,229,247,181,248,61,196,209
Log_356,VM_33,H_5,26.71,81,Normal,143,135,88,95,125,89,243,85,158,234,137,183,120,75,244,91
Log_357,VM_44,H_6,25.86,48,Normal,69,250,147,132,22,136,57,186,220,207,181,45,21,191,7,122
Log_358,VM_32,H_1,37.66,98,Normal,19,178,77,38,36,177,161,74,117,103,160,30,122,53,171,33
Log_359,VM_47,H_10,55.77,87,Normal,241,198,121,112,245,61,22,45,55,134,117,216,188,130,250,165
Log_360,VM_11,H_5,40.66,45,Normal,211,161,112,43,127,107,157,16,58,137,98,83,145,44,107,218
Log_361,VM_42,H_1,92.5,886,Hypervisor_Attack,186,61,58,176,227,190,214,159,137,10,101,69,122,232,189,174
Log_362,VM_2,H_11,60.35,55,Normal,33,227,100,144,231,103,181,203,212,39,18,66,81,180,242,63
Log_363,VM_26,H_7,18.86,46,Normal,82,46,5,15,199,239,145,179,175,170,38,176,112,139,236,137
Log_364,VM_4,H_18,13.42,82,Normal,70,109,54,128,48,163,20,36,115,23,54,24,134,126,233,208
Log_365,VM_17,H_20,71.46,44,Normal,92,93,70,224,198,121,23,10,72,11,34,190,195,227,219,184
Log_366,VM_17,H_10,15.59,52,Normal,140,22,82,233,228,166,87,79,96,139,33,198,74,158,220,127
Log_367,VM_28,H_15,20.38,88,Normal,189,140,30,129,102,14,56,74,33,102,195,74,28,193,252,15
Log_368,VM_30,H_4,11.55,8,Normal,166,76,36,80,148,171,123,18,198,101,135,76,228,193,40,253
Log_369,VM_40,H_16,53.98,64,Normal,202,215,197,60,25,70,248,102,210,69,106,156,106,102,193,18
Log_370,VM_23,H_15,50.77,43,Normal,67,185,69,112,56,164,60,91,29,198,200,152,224,126,192,114
Log_371,VM_46,H_15,79.08,9,Normal,5,17,9,91,138,224,192,76,100,83,192,51,194,209,232,205
Log_372,VM_24,H_12,85.76,1641,Hypervisor_Attack,30,218,144,182,109,92,163,228,153,52,144,85,252,152,1,246
Log_373,VM_29,H_8,38.76,18,Normal,85,132,3,163,5,243,148,204,117,228,246,88,153,182,166,211
Log_374,VM_4,H_8,36.01,74,Normal,160,13,55,227,80,148,45,143,237,15,119,83,156,219,7,87
Log_375,VM_38,H_18,30.78,82,Normal,130,216,18,96,65,78,85,123,201,209,149,45,112,90,140,32
Log_376,VM_29,H_6,20.67,16,Normal,132,217,76,154,120,127,77,151,66,238,114,62,112,93,226,47
Log_377,VM_19,H_5,87.74,858,Hypervisor_Attack,190,205,11,155,171,220,170,144,39,176,84,56,86,83,191,202
Log_378,VM_27,H_2,19.26,31,Normal,184,120,225,201,73,106,123,197,99,215,203,42,118,22,154,185
Log_379,VM_29,H_12,17.99,58,Normal,248,236,36,133,64,133,177,21,104,87,152,124,78,89,199,50
Log_380,VM_56,H_4,26.84,94,Normal,215,175,101,252,197,245,226,105,192,59,45,35,185,203,165,10
Log_381,VM_36,H_13,31.47,16,Normal,11,169,241,38,198,138,35,51,30,32,140,145,168,57,183,151
Log_382,VM_35,H_17,77.31,12,Normal,200,127,30,54,252,232,9,187,129,229,14,2,42,158,197,66
Log_383,VM_52,H_16,50.49,78,Normal,55,62,202,14,108,115,91,137,165,46,56,49,241,70,142,145
Log_384,VM_6,H_9,79.13,20,Normal,81,115,104,87,1,103,83,225,42,153,70,165,93,41,132,138
Log_385,VM_59,H_1,36.07,56,Normal,64,33,119,0,210,129,212,147,60,214,148,87,67,126,139,21
Log_386,VM_23,H_15,90.35,1352,Hypervisor_Attack,147,81,128,29,125,96,23,13,35,196,202,23,187,94,54,204
Log_387,VM_39,H_12,32.72,12,Normal,207,23,204,151,181,25,193,79,165,237,64,240,74,178,162,42
Log_388,VM_46,H_5,22.8,49,Normal,28,164,80,185,53,38,41,155,28,170,130,243,137,186,233,141
Log_389,VM_44,H_18,20.02,97,Normal,203,174,41,93,159,31,169,159,25,114,128,55,252,121,105,129
Log_390,VM_48,H_20,76.16,88,Normal,80,157,119,230,198,51,90,136,21,33,109,48,128,72,83,52
Log_391,VM_52,H_2,93.48,1165,Hypervisor_Attack,210,99,123,167,44,195,136,104,149,145,203,105,42,166,200,133
Log_392,VM_8,H_4,13.14,23,Normal,210,47,125,238,6,207,196,15,128,114,36,230,210,245,164,124
Log_393,VM_55,H_15,20.52,21,Normal,80,191,217,213,61,71,188,124,160,65,29,238,19,187,81,106
Log_394,VM_2,H_6,39.65,69,Normal,248,201,151,247,131,36,131,76,88,204,145,252,250,87,193,175
Log_395,VM_13,H_12,23.04,33,Normal,32,57,210,200,27,34,248,230,124,137,64,41,84,136,187,110
Log_396,VM_40,H_18,35.47,18,Normal,14,226,184,68,104,249,149,63,40,214,70,55,150,235,24,218
Log_397,VM_57,H_20,19.04,21,Normal,104,133,118,161,190,8,59,124,48,224,50,187,69,36,30,225
Log_398,VM_21,H_4,41.96,17,Normal,168,61,92,185,13,163,163,244,78,7,153,35,47,84,27,195
Log_399,VM_31,H_1,29.02,97,Normal,189,207,213,203,207,50,103,229,169,100,28,126,81,9,105,166
Log_400,VM_52,H_15,34.63,95,Normal,209,0,38,20,64,14,131,187,60,147,137,86,104,33,123,109
Log_401,VM_48,H_18,16.6,67,Normal,175,32,97,230,60,9,181,83,64,76,0,132,79,14,240,27
Log_402,VM_36,H_14,95.87,1055,Hypervisor_Attack,222,22,239,108,106,144,112,97,140,141,138,27,41,223,98,60
Log_403,VM_48,H_3,78.83,33,Normal,122,63,30,80,238,200,9,7,148,204,58,177,196,197,29,222
Log_404,VM_52,H_15,33.02,41,Normal,144,202,19,47,200,129,36,128,131,99,53,121,24,130,8,213
Log_405,VM_38,H_5,71.35,87,Normal,214,203,201,33,42,73,93,21,69,241,129,93,193,31,105,143
Log_406,VM_27,H_3,69.02,50,Normal,203,0,244,71,175,49,140,14,52,171,7,73,45,68,113,146
Log_407,VM_36,H_7,76.64,28,Normal,238,165,122,138,116,42,19,147,20,81,56,177,73,97,153,157
Log_408,VM_48,H_6,90.72,1101,Hypervisor_Attack,200,109,114,158,41,246,67,188,188,69,77,195,89,110,111,102
Log_409,VM_23,H_1,56.17,9,Normal,144,18,252,178,240,69,62,220,74,207,157,152,103,74,127,198
Log_410,VM_55,H_19,69.96,57,Normal,153,55,21,88,18,158,25,169,168,227,22,46,12,216,65,193
Log_411,VM_21,H_7,15.3,92,Normal,143,72,155,76,162,168,204,30,84,159,181,225,199,58,40,111
Log_412,VM_13,H_4,42.4,99,Normal,193,229,95,181,167,121,155,164,104,192,232,73,182,131,98,125
Log_413,VM_37,H_12,79.25,34,Normal,137,174,74,13,37,139,44,144,207,162,193,74,252,168,194,28
Log_414,VM_47,H_20,63.87,64,Normal,17,19,238,13,161,176,53,30,57,103,169,185,127,209,157,24
Log_415,VM_26,H_18,77.35,77,Normal,190,252,18,199,219,135,222,2,194,235,254,85,208,227,144,141
Log_416,VM_40,H_9,64.57,95,Normal,242,8,189,93,148,203,164,223,138,19,34,52,174,109,202,179
Log_417,VM_7,H_19,71.24,32,Normal,135,3,154,171,167,101,46,93,171,47,239,90,212,179,83,251
Log_418,VM_46,H_4,59.46,30,Normal,67,138,204,124,72,3,75,72,76,47,153,101,105,76,38,219
Log_419,VM_39,H_1,63.24,22,Normal,57,18,87,210,112,76,76,185,27,244,65,9,125,213,204,57
Log_420,VM_22,H_9,46.62,40,Normal,200,224,141,124,111,83,142,95,32,144,151,157,189,140,189,250
Log_421,VM_39,H_15,74.7,12,Normal,46,111,143,193,208,223,42,7,243,2,124,11,83,15,77,207
Log_422,VM_23,H_8,67.75,22,Normal,58,244,176,62,189,234,48,50,245,32,29,186,75,14,81,254
Log_423,VM_58,H_15,69.07,88,Normal,91,253,22,205,93,224,44,61,206,198,14,243,233,45,63,229
Log_424,VM_30,H_15,57.11,62,Normal,173,183,248,245,171,74,156,222,189,216,51,181,87,56,82,65
Log_425,VM_18,H_18,31.32,36,Normal,149,19,32,71,24,45,72,97,56,86,132,54,60,88,7,15
Log_426,VM_42,H_7,12.49,97,Normal,245,175,236,115,60,14,192,149,130,101,53,13,35,209,238,104
Log_427,VM_18,H_18,75.5,53,Normal,81,66,9,48,230,110,64,218,56,26,202,112,132,70,82,56
Log_428,VM_46,H_16,51.03,52,Normal,119,92,14,226,110,100,118,75,157,19,164,130,72,121,40,166
Log_429,VM_10,H_2,96.0,1539,Hypervisor_Attack,153,129,22,22,250,212,143,8,12,155,154,50,63,51,208,37
Log_430,VM_39,H_4,20.44,75,Normal,99,192,145,190,50,136,140,167,54,108,206,170,43,109,195,160
Log_431,VM_30,H_20,68.07,69,Normal,151,163,242,127,104,9,99,147,253,232,108,107,202,139,189,145
Log_432,VM_26,H_16,68.56,96,Normal,93,235,239,228,62,83,24,11,148,24,10,63,200,125,49,189
Log_433,VM_7,H_3,67.02,37,Normal,254,88,98,115,95,176,13,0,208,24,186,71,68,132,104,226
Log_434,VM_7,H_2,55.16,54,Normal,146,22,8,117,93,177,143,32,129,13,237,0,89,185,88,143
Log_435,VM_5,H_3,35.62,8,Normal,206,89,174,171,207,13,220,151,110,182,142,82,71,161,129,26
Log_436,VM_1,H_5,31.28,88,Normal,73,98,214,240,71,219,22,67,141,190,116,105,92,64,67,127
Log_437,VM_46,H_2,10.6,40,Normal,62,223,224,112,89,80,102,214,191,159,115,206,12,251,193,123
Log_438,VM_18,H_19,68.35,99,Normal,146,151,236,87,10,186,213,14,9,40,154,187,72,51,127,27
Log_439,VM_13,H_20,16.12,32,Normal,64,16,94,171,137,62,228,253,220,209,174,37,230,240,69,103
Log_440,VM_25,H_2,54.15,7,Normal,203,52,205,171,118,73,53,19,78,30,134,57,104,9,9,239
Log_441,VM_40,H_2,45.29,10,Normal,252,38,155,157,36,118,66,241,42,206,212,51,100,55,75,67
Log_442,VM_8,H_20,46.87,49,Normal,238,136,230,105,124,91,22,190,108,60,167,43,213,151,178,185
Log_443,VM_10,H_18,74.87,27,Normal,217,221,160,15,21,240,56,61,241,106,209,70,241,89,71,69
Log_444,VM_32,H_20,12.21,11,Normal,29,102,150,31,85,233,234,56,108,8,30,70,136,12,185,130
Log_445,VM_17,H_14,64.14,65,Normal,34,224,20,63,94,179,33,223,120,162,14,119,95,5,253,108
Log_446,VM_38,H_15,13.64,69,Normal,212,96,31,179,82,224,155,222,212,117,225,191,78,77,146,106
Log_447,VM_15,H_12,12.67,10,Normal,125,14,133,243,72,100,211,97,165,25,209,91,124,246,178,72
Log_448,VM_15,H_11,40.09,28,Normal,223,122,52,183,186,197,77,91,185,87,252,12,42,75,50,18
Log_449,VM_57,H_11,90.48,1226,Hypervisor_Attack,148,218,121,210,23,25,172,155,237,119,81,235,99,233,156,16
Log_450,VM_48,H_7,65.24,49,Normal,67,43,236,60,122,92,195,73,152,222,66,110,1,248,88,176
Log_451,VM_40,H_12,47.07,55,Normal,197,25,199,98,26,88,145,181,0,188,239,102,130,246,195,40
Log_452,VM_51,H_16,12.03,92,Normal,164,50,14,7,37,113,82,55,174,217,102,137,101,77,176,168
Log_453,VM_20,H_5,12.84,49,Normal,82,29,4,118,222,198,210,30,179,249,230,215,225,248,22,47
Log_454,VM_15,H_2,52.89,67,Normal,108,39,5,37,168,99,26,202,68,56,16,243,70,218,46,248
Log_455,VM_35,H_16,66.43,33,Normal,78,109,12,138,123,108,89,85,91,23,220,72,233,3,112,45
Log_456,VM_6,H_15,40.65,29,Normal,247,17,42,207,160,92,102,123,9,72,186,30,155,59,248,130
Log_457,VM_30,H_11,48.82,14,Normal,117,182,13,185,216,142,1,23,205,63,239,198,99,113,23,154
Log_458,VM_57,H_6,65.99,39,Normal,164,229,221,90,166,190,206,25,64,119,3,156,248,0,234,49
Log_459,VM_8,H_13,52.74,59,Normal,109,213,138,73,186,61,80,163,55,110,217,239,20,140,8,138
Log_460,VM_31,H_19,87.11,781,Hypervisor_Attack,202,69,128,117,197,204,213,55,30,213,36,174,90,113,243,205
Log_461,VM_48,H_10,52.91,95,Normal,127,174,121,68,185,35,31,225,63,198,169,47,201,241,80,157
Log_462,VM_47,H_19,53.98,49,Normal,148,59,140,0,64,238,32,37,24,153,204,58,219,160,100,126
Log_463,VM_32,H_5,61.39,16,Normal,40,157,56,176,47,71,176,174,55,64,11,68,215,133,88,192
Log_464,VM_45,H_7,99.4,504,Hypervisor_Attack,24,0,159,233,233,130,48,146,59,234,156,177,1,72,183,144
Log_465,VM_58,H_11,77.85,94,Normal,187,109,163,60,16,48,75,187,147,177,130,42,56,49,195,208
Log_466,VM_52,H_14,23.81,71,Normal,177,36,45,169,14,160,79,138,246,147,229,23,124,191,117,79
Log_467,VM_15,H_16,76.58,21,Normal,93,225,64,87,87,200,213,203,144,125,88,219,60,14,93,50
Log_468,VM_18,H_18,47.68,77,Normal,26,213,73,60,185,30,218,11,45,158,31,159,232,250,236,226
Log_469,VM_13,H_4,57.04,97,Normal,180,60,45,84,201,79,134,3,218,51,246,216,158,202,111,211
Log_470,VM_24,H_1,16.96,69,Normal,35,181,53,118,126,16,236,74,157,226,104,229,149,116,42,111
Log_471,VM_40,H_15,36.64,86,Normal,114,26,36,45,112,34,131,79,79,212,153,120,227,146,121,80
Log_472,VM_14,H_14,63.86,57,Normal,172,153,149,118,57,62,247,155,192,171,99,170,164,65,144,167
Log_473,VM_28,H_19,59.48,88,Normal,165,84,188,136,204,202,188,207,143,122,1,105,107,71,170,125
Log_474,VM_11,H_5,12.81,61,Normal,169,204,56,80,230,215,194,157,243,140,18,6,136,210,236,53
Log_475,VM_6,H_4,48.26,32,Normal,103,85,81,60,86,1,177,241,202,30,32,205,79,10,160,253
Log_476,VM_56,H_13,16.18,20,Normal,127,134,127,30,252,175,125,237,46,205,219,180,106,207,18,80
Log_477,VM_25,H_18,79.71,25,Normal,122,217,133,106,48,72,49,80,94,11,22,53,117,253,196,234
Log_478,VM_1,H_12,99.03,578,Hypervisor_Attack,227,58,163,2,57,215,182,56,144,166,89,195,54,44,203,0
Log_479,VM_25,H_15,11.48,46,Normal,20,210,20,51,81,170,179,66,252,112,43,159,9,63,231,206
Log_480,VM_2,H_9,70.11,58,Normal,68,67,249,27,180,115,50,180,3,78,16,107,194,73,174,233
Log_481,VM_32,H_4,74.36,36,Normal,183,22,17,128,34,63,244,185,222,58,235,0,130,66,36,210
Log_482,VM_13,H_5,99.4,1163,Hypervisor_Attack,28,88,160,99,188,220,121,89,131,240,13,241,218,160,149,175
Log_483,VM_33,H_9,60.37,74,Normal,130,214,84,232,150,195,20,228,170,222,212,25,40,121,226,37
Log_484,VM_32,H_13,40.95,42,Normal,87,10,232,28,238,246,59,194,192,243,60,245,146,173,176,21
Log_485,VM_56,H_10,55.87,58,Normal,77,112,184,122,141,43,143,96,76,229,240,139,54,50,101,166
Log_486,VM_24,H_16,33.82,64,Normal,160,160,28,68,197,158,79,30,216,111,45,96,204,51,137,215
Log_487,VM_27,H_13,32.58,81,Normal,73,40,222,76,130,186,113,51,161,176,155,210,86,108,223,140
Log_488,VM_4,H_4,39.71,81,Normal,224,225,224,247,68,119,66,60,187,70,151,190,213,236,188,150
Log_489,VM_24,H_13,20.19,51,Normal,29,187,145,95,55,52,6,96,196,112,219,124,199,206,179,131
Log_490,VM_23,H_8,96.32,1021,Hypervisor_Attack,161,196,160,120,196,37,225,121,25,128,3,38,53,217,160,32
Log_491,VM_29,H_13,34.41,57,Normal,199,19,15,148,172,246,247,126,217,86,81,61,30,243,41,11
Log_492,VM_34,H_15,38.01,37,Normal,64,233,72,130,251,114,217,136,105,178,15,215,241,77,124,130
Log_493,VM_21,H_20,72.58,32,Normal,225,224,241,151,200,140,129,198,111,126,20,146,88,46,149,202
Log_494,VM_30,H_20,44.76,7,Normal,160,159,191,84,166,127,211,71,41,228,8,24,216,224,1,18
Log_495,VM_26,H_13,48.1,86,Normal,237,19,233,232,233,220,69,16,123,88,229,195,93,83,130,86
Log_496,VM_20,H_5,76.95,30,Normal,50,81,153,183,227,191,7,208,222,164,236,120,224,154,172,3
Log_497,VM_16,H_6,72.07,58,Normal,85,127,217,223,215,109,98,36,223,70,32,30,182,124,11,10
Log_498,VM_3,H_5,21.86,44,Normal,87,71,31,56,165,187,85,225,18,115,211,183,13,32,9,79
Log_499,VM_49,H_13,98.4,685,Hypervisor_Attack,191,63,189,67,218,91,124,170,79,58,179,96,239,18,148,21
Log_500,VM_37,H_5,77.99,72,Normal,8,8,200,26,16,171,248,44,7,207,145,124,122,32,0,203
Log_501,VM_58,H_13,36.07,96,Normal,5,40,182,4,186,79,17,176,81,64,82,181,188,135,130,249
Log_502,VM_40,H_20,97.49,1329,Hypervisor_Attack,24,249,68,182,167,210,81,177,116,94,32,110,145,124,184,230
Log_503,VM_44,H_8,23.65,93,Normal,15,254,79,238,37,168,134,77,234,180,62,111,88,159,37,149
Log_504,VM_25,H_9,18.0,94,Normal,250,143,51,28,143,75,144,228,63,90,88,12,71,183,4,11
Log_505,VM_23,H_19,61.82,51,Normal,168,2,226,32,120,213,49,183,235,136,232,209,177,28,38,90
Log_506,VM_44,H_20,63.9,6,Normal,99,172,16,55,225,45,66,196,141,66,22,230,93,241,236,188
Log_507,VM_59,H_15,77.83,46,Normal,150,154,53,137,216,76,15,40,97,182,127,228,60,85,208,214
Log_508,VM_1,H_10,64.14,38,Normal,117,99,48,200,179,1,223,119,177,244,122,85,170,76,135,58
Log_509,VM_33,H_11,27.03,98,Normal,192,208,11,3,116,204,94,124,40,122,253,6,214,215,254,68
Log_510,VM_15,H_5,12.81,25,Normal,68,80,29,72,5,88,146,207,212,65,9,143,36,206,76,76
Log_511,VM_17,H_9,78.98,48,Normal,31,236,46,109,199,170,209,119,163,153,9,158,96,156,4,76
Log_512,VM_34,H_11,33.83,91,Normal,0,214,231,130,66,198,227,162,14,231,194,92,29,102,81,74
Log_513,VM_17,H_19,31.84,6,Normal,170,240,59,229,39,192,156,73,219,120,222,146,2,35,42,142
Log_514,VM_52,H_2,97.65,1296,Hypervisor_Attack,224,168,234,114,108,89,207,163,224,83,76,160,4,228,77,90
Log_515,VM_58,H_6,50.96,63,Normal,86,13,103,195,230,243,82,174,53,131,221,210,94,222,8,52
Log_516,VM_41,H_1,25.04,90,Normal,76,205,246,59,45,53,73,111,94,164,22,26,69,217,193,108
Log_517,VM_44,H_3,72.24,20,Normal,188,76,178,49,123,18,0,39,159,21,111,220,193,39,37,47
Log_518,VM_4,H_3,79.54,24,Normal,182,74,208,182,178,106,187,7,85,67,74,199,136,89,129,79
Log_519,VM_13,H_14,88.76,1186,Hypervisor_Attack,94,69,244,212,89,58,146,27,71,13,23,111,43,228,55,217
Log_520,VM_4,H_20,70.36,20,Normal,222,119,178,31,177,168,193,24,115,235,188,65,41,192,163,248
Log_521,VM_7,H_5,37.34,74,Normal,75,136,163,232,254,219,37,160,169,60,173,213,88,188,17,69
Log_522,VM_46,H_17,46.69,27,Normal,81,115,79,14,175,199,12,118,42,187,252,56,198,16,177,31
Log_523,VM_59,H_15,74.04,46,Normal,149,54,242,184,12,46,86,61,181,28,21,64,28,47,4,249
Log_524,VM_9,H_6,78.14,41,Normal,162,246,201,210,100,70,173,162,172,140,137,65,197,71,227,24
Log_525,VM_23,H_14,91.43,1460,Hypervisor_Attack,171,59,174,39,6,173,150,210,45,85,140,252,20,0,122,146
Log_526,VM_33,H_14,24.9,10,Normal,124,187,32,3,233,2,90,51,232,226,27,69,197,182,56,107
Log_527,VM_33,H_17,15.64,41,Normal,214,253,224,143,254,23,196,168,233,76,174,75,68,100,158,91
Log_528,VM_20,H_8,49.33,26,Normal,91,29,17,43,154,98,153,120,230,240,114,59,145,224,216,55
Log_529,VM_4,H_8,10.95,10,Normal,30,100,58,123,129,96,166,188,234,106,190,223,17,144,225,166
Log_530,VM_1,H_19,38.83,36,Normal,70,105,53,244,226,93,75,34,10,60,43,120,67,24,175,159
Log_531,VM_54,H_9,15.14,21,Normal,83,113,222,131,245,165,244,190,174,0,130,228,85,61,63,144
Log_532,VM_42,H_11,38.37,42,Normal,125,205,104,61,34,249,12,162,42,129,183,110,204,127,50,181
Log_533,VM_34,H_13,12.8,21,Normal,143,145,134,44,163,168,221,41,232,134,14,59,39,210,234,164
Log_534,VM_27,H_13,68.47,41,Normal,193,233,111,182,76,231,104,234,106,246,121,222,79,233,124,183
Log_535,VM_21,H_19,24.68,27,Normal,171,184,133,219,31,107,201,113,145,67,126,200,134,113,7,63
Log_536,VM_24,H_19,32.98,53,Normal,234,134,40,39,2,144,193,206,109,220,113,111,179,149,3,248
Log_537,VM_15,H_5,70.9,65,Normal,243,133,165,25,138,217,16,215,91,226,30,204,245,162,143,206
Log_538,VM_35,H_16,62.24,53,Normal,106,145,110,100,111,61,111,240,232,154,246,162,115,172,245,34
Log_539,VM_25,H_9,25.33,65,Normal,27,102,124,101,136,203,142,20,51,162,233,96,50,82,54,214
Log_540,VM_55,H_20,15.03,81,Normal,76,126,171,192,242,92,87,79,152,246,214,91,46,207,234,183
Log_541,VM_9,H_3,60.1,36,Normal,37,138,194,14,0,134,0,48,95,200,156,25,86,172,234,92
Log_542,VM_17,H_19,37.35,90,Normal,243,101,224,70,139,94,159,117,147,118,50,80,35,66,128,113
Log_543,VM_21,H_5,63.63,67,Normal,154,244,110,167,224,211,141,99,196,214,108,251,119,78,133,160
Log_544,VM_60,H_8,41.17,11,Normal,182,18,126,204,28,188,197,206,207,23,150,239,9,181,104,168
Log_545,VM_13,H_14,34.22,26,Normal,176,144,240,183,235,172,157,171,237,201,54,146,156,1,163,146
Log_546,VM_3,H_3,41.58,89,Normal,134,153,206,110,247,37,130,101,254,207,193,94,91,70,221,170
Log_547,VM_4,H_13,62.4,10,Normal,249,189,198,227,220,23,243,166,67,127,92,43,132,54,220,253
Log_548,VM_4,H_11,73.16,65,Normal,157,28,153,210,153,36,218,221,114,180,157,2,250,121,42,6
Log_549,VM_43,H_8,13.48,18,Normal,124,48,120,72,244,40,105,76,206,181,126,196,220,226,90,154
Log_550,VM_28,H_19,46.69,20,Normal,7,31,211,63,137,12,190,92,162,60,181,7,28,94,40,157
Log_551,VM_7,H_10,86.82,722,Hypervisor_Attack,213,148,203,10,1,177,168,193,225,130,79,178,195,86,248,241
Log_552,VM_26,H_18,42.79,13,Normal,211,152,157,209,105,138,220,16,153,247,248,22,183,179,47,19
Log_553,VM_11,H_18,71.97,51,Normal,236,1,87,30,154,129,248,77,3,240,140,227,162,235,245,127
Log_554,VM_24,H_7,35.31,89,Normal,246,199,193,133,30,245,137,235,20,233,201,22,130,159,147,201
Log_555,VM_43,H_16,89.99,890,Hypervisor_Attack,28,104,51,114,173,161,100,83,60,124,199,70,69,138,107,209
Log_556,VM_10,H_6,54.14,98,Normal,242,233,248,220,216,190,20,237,130,81,87,110,229,9,154,11
Log_557,VM_37,H_16,75.39,46,Normal,6,144,192,191,249,113,25,14,242,251,32,61,228,46,94,34
Log_558,VM_13,H_16,63.0,46,Normal,192,199,75,122,245,248,82,24,56,31,62,11,62,76,91,0
Log_559,VM_44,H_1,17.24,27,Normal,178,69,135,195,132,216,85,219,38,22,67,179,3,125,174,250
Log_560,VM_42,H_19,26.18,7,Normal,20,228,183,104,65,186,6,48,15,144,83,249,86,97,74,33
Log_561,VM_39,H_3,37.59,5,Normal,160,25,65,124,62,86,40,213,185,97,123,78,9,14,41,92
Log_562,VM_19,H_6,21.91,71,Normal,184,214,250,16,187,8,113,35,200,207,35,47,50,96,118,94
Log_563,VM_51,H_4,44.64,75,Normal,69,73,79,67,245,149,76,207,115,253,220,5,153,74,87,220
Log_564,VM_19,H_4,98.92,1340,Hypervisor_Attack,2,51,73,124,187,253,190,64,51,234,217,249,75,141,88,71
Log_565,VM_12,H_4,76.94,53,Normal,234,67,155,198,137,114,56,249,227,65,89,244,49,13,249,15
Log_566,VM_52,H_10,40.36,71,Normal,181,170,41,208,109,21,67,18,65,166,72,251,146,143,53,152
Log_567,VM_22,H_9,64.99,59,Normal,111,17,150,116,84,138,38,104,67,24,190,223,157,172,122,217
Log_568,VM_47,H_8,75.93,8,Normal,120,60,99,50,97,136,203,1,229,4,189,196,179,85,132,186
Log_569,VM_37,H_19,71.39,35,Normal,67,252,8,92,149,154,137,207,233,124,233,60,50,9,133,61
Log_570,VM_56,H_17,24.61,70,Normal,112,132,121,197,190,122,183,186,62,110,88,186,50,177,252,131
Log_571,VM_30,H_17,44.72,82,Normal,103,122,47,31,119,178,179,98,73,33,163,69,170,109,15,58
Log_572,VM_46,H_1,34.34,68,Normal,180,18,225,216,94,112,40,80,174,221,102,53,182,94,146,61
Log_573,VM_12,H_20,37.99,35,Normal,98,92,186,64,67,27,17,25,103,146,54,118,123,184,133,128
Log_574,VM_29,H_14,35.26,67,Normal,7,224,50,234,84,215,24,174,182,191,248,234,82,92,116,137
Log_575,VM_21,H_20,67.85,70,Normal,55,11,160,119,70,16,252,188,121,123,9,30,59,69,16,49
Log_576,VM_11,H_11,41.65,35,Normal,36,209,189,217,240,117,207,199,215,204,156,159,215,79,10,223
Log_577,VM_60,H_3,46.66,51,Normal,133,122,34,32,17,164,12,201,228,89,109,208,191,0,62,216
Log_578,VM_37,H_8,78.77,26,Normal,33,102,9,127,211,6,55,79,164,156,251,11,144,47,211,25
Log_579,VM_48,H_10,90.91,951,Hypervisor_Attack,111,210,121,238,11,148,41,60,57,252,181,33,6,108,34,14
Log_580,VM_58,H_17,44.16,98,Normal,192,217,226,24,233,58,250,78,85,250,133,179,206,87,148,70
Log_581,VM_18,H_8,64.18,87,Normal,120,252,92,253,95,31,52,58,253,68,189,131,85,17,226,80
Log_582,VM_44,H_1,20.58,50,Normal,241,113,183,23,65,140,61,53,142,196,130,36,36,228,130,190
Log_583,VM_59,H_20,52.81,93,Normal,34,179,214,123,155,251,221,17,121,243,163,160,191,153,47,167
Log_584,VM_27,H_7,26.76,62,Normal,16,167,134,56,7,127,116,55,125,158,58,57,139,175,158,107
Log_585,VM_37,H_9,70.72,65,Normal,210,190,73,166,203,147,100,47,232,70,115,181,121,77,202,198
Log_586,VM_48,H_12,32.9,50,Normal,28,201,92,72,99,175,73,210,183,94,16,136,236,96,161,172
Log_587,VM_12,H_9,33.03,5,Normal,215,8,134,143,18,230,133,113,242,138,124,203,60,249,41,12
Log_588,VM_23,H_20,51.87,29,Normal,139,254,84,201,19,49,163,91,87,68,36,252,251,139,249,98
Log_589,VM_34,H_3,85.79,1821,Hypervisor_Attack,124,167,53,129,177,40,44,102,105,136,189,127,85,46,4,203
Log_590,VM_38,H_4,29.94,85,Normal,0,43,149,37,242,18,207,158,114,194,86,169,122,81,153,140
Log_591,VM_23,H_10,39.16,18,Normal,57,145,66,121,251,86,130,54,88,218,57,235,62,90,51,230
Log_592,VM_53,H_4,34.75,49,Normal,216,125,23,71,8,109,164,93,116,82,180,79,151,235,148,99
Log_593,VM_25,H_9,46.74,81,Normal,39,102,238,61,253,197,68,141,244,108,169,177,188,254,3,71
Log_594,VM_4,H_1,51.97,43,Normal,215,202,16,113,84,56,217,106,47,171,172,218,207,246,217,116
Log_595,VM_30,H_5,49.67,70,Normal,160,30,111,46,133,107,71,70,161,107,52,141,15,170,115,72
Log_596,VM_30,H_9,55.79,36,Normal,73,80,11,127,69,146,234,40,180,156,197,58,88,248,191,23
Log_597,VM_13,H_5,31.54,62,Normal,216,143,179,79,133,164,212,131,225,91,165,168,91,80,141,70
Log_598,VM_42,H_6,18.85,60,Normal,213,178,64,220,51,222,29,184,206,209,98,241,157,97,41,138
Log_599,VM_49,H_19,63.26,10,Normal,26,151,226,166,71,242,17,76,44,215,114,86,139,176,221,158
Log_600,VM_14,H_8,69.55,93,Normal,91,21,171,91,191,76,24,107,178,237,134,108,133,23,18,82
Log_601,VM_56,H_10,27.99,71,Normal,227,114,8,111,250,163,101,167,250,220,151,47,190,68,180,181
Log_602,VM_47,H_11,38.5,86,Normal,169,118,44,124,217,13,230,156,243,133,134,36,52,17,214,235
Log_603,VM_8,H_13,44.9,54,Normal,37,186,128,195,242,43,46,34,214,218,59,89,51,254,251,7
Log_604,VM_55,H_20,47.33,42,Normal,106,207,168,130,223,196,211,141,251,95,25,110,197,122,185,227
Log_605,VM_24,H_4,56.16,7,Normal,167,50,122,4,76,159,207,0,204,254,181,10,180,7,152,167
Log_606,VM_18,H_11,12.91,9,Normal,31,215,27,205,236,130,227,127,254,218,211,238,206,61,26,244
Log_607,VM_35,H_12,60.5,28,Normal,44,104,91,24,233,188,43,237,224,173,141,135,175,141,192,79
Log_608,VM_25,H_5,14.34,58,Normal,81,134,206,87,176,126,242,54,140,200,183,55,14,184,57,162
Log_609,VM_17,H_10,42.78,38,Normal,87,96,143,7,220,214,172,222,39,240,181,246,13,186,244,221
Log_610,VM_32,H_7,67.94,43,Normal,52,230,126,154,174,79,114,133,54,224,43,17,15,11,147,44
Log_611,VM_56,H_9,41.59,92,Normal,191,231,186,92,221,217,21,96,249,244,230,46,28,213,44,76
Log_612,VM_24,H_9,20.44,96,Normal,251,8,23,14,163,12,90,171,100,70,199,228,232,205,121,75
Log_613,VM_7,H_10,78.95,52,Normal,163,115,60,231,208,167,244,220,125,154,0,243,161,67,87,20
Log_614,VM_13,H_10,91.84,533,Hypervisor_Attack,160,134,192,232,2,235,50,78,94,181,207,201,245,220,122,186
Log_615,VM_27,H_2,99.3,825,Hypervisor_Attack,5,156,16,116,59,149,151,124,80,84,50,177,138,183,70,169
Log_616,VM_48,H_4,38.81,84,Normal,38,68,235,47,124,56,20,81,98,147,14,68,204,178,75,61
Log_617,VM_5,H_8,22.87,11,Normal,118,212,36,133,198,25,233,239,7,200,218,3,20,158,148,231
Log_618,VM_36,H_14,75.9,22,Normal,24,230,142,244,162,176,42,168,36,184,41,174,91,60,141,67
Log_619,VM_26,H_17,99.0,1238,Hypervisor_Attack,52,83,33,75,96,151,147,196,229,29,87,234,231,6,35,37
Log_620,VM_42,H_13,69.66,96,Normal,207,51,142,173,150,139,220,171,239,142,92,236,106,125,48,20
Log_621,VM_45,H_18,33.95,38,Normal,14,13,41,235,207,14,233,62,195,26,214,92,104,52,51,62
Log_622,VM_31,H_18,33.47,55,Normal,200,180,56,119,51,106,42,134,116,169,3,196,132,202,254,232
Log_623,VM_10,H_13,78.99,97,Normal,219,79,40,245,221,131,254,1,237,194,241,148,197,42,244,81
Log_624,VM_46,H_8,46.53,72,Normal,107,196,136,211,155,25,81,82,130,72,99,222,48,144,62,54
Log_625,VM_26,H_12,19.85,18,Normal,150,33,104,104,68,14,174,2,210,155,2,101,3,87,158,44
Log_626,VM_22,H_1,25.38,73,Normal,186,44,250,74,164,192,8,144,117,64,130,238,25,180,158,25
Log_627,VM_12,H_20,43.74,93,Normal,22,29,9,71,235,216,63,149,142,122,104,183,248,73,147,104
Log_628,VM_32,H_18,12.97,12,Normal,46,86,52,180,128,1,57,146,189,205,71,229,139,153,26,28
Log_629,VM_27,H_3,42.38,19,Normal,14,173,244,252,128,59,106,219,184,2,114,145,51,59,33,95
Log_630,VM_33,H_12,39.33,87,Normal,220,88,59,153,230,199,18,245,110,233,21,220,160,165,127,236
Log_631,VM_53,H_19,64.55,63,Normal,237,34,106,127,194,82,137,218,142,138,110,89,250,23,76,223
Log_632,VM_52,H_13,34.85,15,Normal,100,131,12,200,184,240,97,119,36,47,198,0,59,249,139,148
Log_633,VM_20,H_10,78.78,24,Normal,138,43,114,185,107,43,77,225,161,24,252,131,191,115,118,217
Log_634,VM_39,H_15,22.65,59,Normal,143,9,108,193,34,210,133,18,186,180,243,242,7,205,9,194
Log_635,VM_41,H_20,51.37,40,Normal,165,28,14,86,22,209,45,210,27,25,9,174,3,54,65,66
Log_636,VM_40,H_2,16.28,86,Normal,134,54,207,30,73,18,155,80,155,146,228,86,19,12,76,42
Log_637,VM_59,H_19,61.37,18,Normal,138,175,142,144,181,49,27,210,3,21,213,118,100,38,33,96
Log_638,VM_13,H_3,79.63,62,Normal,43,169,39,96,139,129,250,155,73,85,208,89,66,198,235,199
Log_639,VM_14,H_14,67.34,42,Normal,211,75,226,208,91,232,9,85,101,184,224,213,107,164,204,90
Log_640,VM_44,H_7,48.9,93,Normal,191,78,85,221,106,167,100,225,107,59,225,249,47,116,226,105
Log_641,VM_40,H_8,43.93,84,Normal,146,199,230,32,43,252,219,164,111,88,35,80,87,148,129,30
Log_642,VM_53,H_11,68.45,86,Normal,107,224,29,203,171,11,50,120,176,243,151,151,249,187,138,12
Log_643,VM_22,H_20,75.52,5,Normal,90,199,73,199,191,19,71,72,70,77,27,129,120,42,7,12
Log_644,VM_18,H_6,79.24,69,Normal,212,110,219,34,22,45,253,14,129,60,114,203,63,248,51,163
Log_645,VM_48,H_11,37.76,5,Normal,194,68,66,248,174,82,1,171,228,191,245,208,77,27,218,53
Log_646,VM_29,H_17,79.36,89,Normal,201,66,163,101,119,190,152,213,47,166,46,221,20,157,91,158
Log_647,VM_43,H_10,20.91,64,Normal,120,115,153,234,149,148,0,164,76,84,45,136,144,46,212,222
Log_648,VM_16,H_17,27.75,29,Normal,230,58,53,85,11,191,246,5,52,143,89,4,72,173,231,13
Log_649,VM_46,H_2,16.23,95,Normal,171,190,105,221,51,115,25,52,108,28,18,46,135,22,116,105
Log_650,VM_35,H_6,29.02,14,Normal,162,222,52,226,95,185,4,15,16,159,101,249,223,179,19,111
Log_651,VM_53,H_5,63.76,54,Normal,119,193,211,110,209,0,57,92,220,210,171,231,5,107,102,49
Log_652,VM_34,H_4,69.7,16,Normal,117,109,199,87,19,245,13,132,168,39,33,123,207,44,198,79
Log_653,VM_3,H_2,64.52,96,Normal,70,154,77,77,171,32,32,43,19,244,110,163,6,159,239,194
Log_654,VM_4,H_12,54.17,36,Normal,166,220,23,213,69,111,215,103,214,53,37,73,79,202,31,44
Log_655,VM_54,H_3,45.98,37,Normal,60,197,215,224,52,127,178,75,183,26,165,61,17,126,108,102
Log_656,VM_5,H_6,59.61,76,Normal,191,246,76,116,103,157,244,48,168,115,140,161,99,221,124,24
Log_657,VM_10,H_14,37.36,30,Normal,193,127,99,145,4,18,169,17,253,120,31,148,9,36,176,85
Log_658,VM_52,H_8,68.89,46,Normal,12,182,144,8,87,171,205,45,135,118,164,18,190,219,173,232
Log_659,VM_29,H_14,57.4,54,Normal,93,198,250,249,25,231,45,117,251,45,202,13,84,62,71,2
Log_660,VM_32,H_3,87.0,1846,Hypervisor_Attack,27,124,156,86,145,162,254,76,75,174,113,132,230,74,249,58
Log_661,VM_31,H_16,47.52,45,Normal,202,58,238,233,46,94,222,140,77,112,108,105,88,32,96,189
Log_662,VM_2,H_15,71.97,61,Normal,78,15,43,185,119,229,133,107,216,142,3,55,63,195,221,161
Log_663,VM_12,H_7,27.64,6,Normal,218,94,55,31,235,230,115,8,190,104,199,77,160,86,20,54
Log_664,VM_27,H_15,36.68,74,Normal,75,184,129,140,125,250,131,83,177,114,47,122,77,29,28,135
Log_665,VM_5,H_13,64.43,35,Normal,139,40,229,25,49,1,54,103,183,13,133,233,127,103,253,94
Log_666,VM_37,H_6,44.49,27,Normal,80,216,60,223,11,240,12,146,171,239,88,94,58,36,24,15
Log_667,VM_27,H_15,72.24,80,Normal,248,165,170,240,249,86,141,133,216,22,125,59,234,139,140,99
Log_668,VM_23,H_17,34.25,58,Normal,102,225,133,62,37,127,49,253,179,39,7,188,7,103,224,33
Log_669,VM_33,H_4,35.85,32,Normal,235,206,227,187,56,226,173,21,86,39,172,182,178,85,132,94
Log_670,VM_4,H_14,72.21,83,Normal,12,27,249,83,224,207,61,92,86,23,97,6,165,36,252,67
Log_671,VM_59,H_15,42.51,23,Normal,225,169,85,132,191,177,233,86,245,251,14,222,122,200,106,249
Log_672,VM_21,H_12,46.13,80,Normal,180,152,88,124,112,212,136,246,239,165,149,106,86,176,67,220
Log_673,VM_24,H_19,33.29,52,Normal,14,64,53,157,92,19,32,232,235,99,251,213,76,134,135,155
Log_674,VM_44,H_10,29.37,6,Normal,172,106,200,216,119,207,73,10,30,11,123,222,77,178,171,95
Log_675,VM_31,H_6,55.92,15,Normal,49,116,16,162,128,156,178,63,252,131,86,155,15,62,75,180
Log_676,VM_44,H_9,18.39,48,Normal,84,108,16,167,140,179,57,223,164,241,78,203,60,112,120,206
Log_677,VM_48,H_2,71.55,63,Normal,33,69,16,239,240,248,19,200,58,68,214,160,101,119,205,144
Log_678,VM_24,H_4,64.54,63,Normal,56,82,224,128,12,237,154,197,186,5,96,93,109,226,150,137
Log_679,VM_49,H_9,23.35,42,Normal,50,146,50,219,86,67,83,210,41,218,56,225,195,247,165,61
Log_680,VM_53,H_15,58.58,29,Normal,6,111,252,198,177,179,25,153,245,18,8,60,19,105,236,49
Log_681,VM_10,H_13,52.18,25,Normal,207,245,80,149,140,139,9,64,223,157,7,148,21,17,193,175
Log_682,VM_49,H_20,22.92,46,Normal,171,8,194,53,25,212,93,219,99,25,33,7,137,47,182,106
Log_683,VM_49,H_8,29.12,40,Normal,241,53,205,167,118,142,80,244,145,95,101,150,61,45,86,98
Log_684,VM_50,H_19,38.63,13,Normal,38,142,52,215,191,190,219,79,15,103,230,69,193,245,140,107
Log_685,VM_2,H_19,58.95,16,Normal,46,250,8,190,33,208,218,156,164,170,85,114,63,151,198,33
Log_686,VM_31,H_16,54.71,14,Normal,175,11,150,206,254,96,120,140,86,101,95,172,113,226,192,46
Log_687,VM_25,H_11,47.26,63,Normal,57,236,132,120,204,117,4,187,95,242,20,151,127,123,145,20
Log_688,VM_4,H_10,63.79,9,Normal,53,137,151,103,110,212,216,115,187,56,250,127,150,149,195,161
Log_689,VM_51,H_8,63.06,37,Normal,119,69,155,94,98,166,41,150,69,207,1,151,144,108,64,69
Log_690,VM_11,H_1,53.25,73,Normal,68,120,108,59,246,177,92,11,102,174,194,111,64,154,47,87
Log_691,VM_17,H_10,65.09,84,Normal,61,43,146,186,135,54,107,46,1,252,221,221,112,166,172,159
Log_692,VM_44,H_18,33.4,67,Normal,192,165,204,10,137,111,186,89,247,54,147,208,16,67,132,187
Log_693,VM_2,H_3,71.69,33,Normal,150,173,51,137,173,155,96,170,153,182,241,47,28,26,145,103
Log_694,VM_6,H_11,53.04,22,Normal,59,201,249,105,68,201,113,20,151,101,130,231,94,189,104,228
Log_695,VM_9,H_18,67.57,97,Normal,124,1,65,230,112,169,235,161,41,19,96,67,172,235,74,124
Log_696,VM_5,H_3,48.24,10,Normal,169,46,4,216,48,123,36,161,200,197,145,205,18,205,39,16
Log_697,VM_20,H_8,25.29,57,Normal,187,98,92,41,208,122,106,71,64,108,52,227,134,237,132,23
Log_698,VM_29,H_14,47.97,86,Normal,27,61,234,16,228,19,2,164,217,142,50,175,135,140,175,2
Log_699,VM_21,H_6,35.98,36,Normal,192,72,158,104,117,153,208,183,33,136,61,119,114,12,68,168
Log_700,VM_9,H_15,58.82,46,Normal,76,0,88,46,3,227,190,179,9,27,120,125,133,154,247,139
Log_701,VM_28,H_14,43.31,51,Normal,61,179,175,66,173,224,73,94,142,198,35,141,247,111,205,130
Log_702,VM_55,H_7,68.53,35,Normal,112,244,109,113,66,125,85,18,226,203,181,68,9,232,160,140
Log_703,VM_8,H_10,57.47,66,Normal,127,98,178,31,202,111,229,23,34,82,69,167,181,108,171,189
Log_704,VM_31,H_15,57.92,60,Normal,233,98,195,32,204,55,163,181,234,146,170,11,10,69,139,218
Log_705,VM_20,H_10,25.2,15,Normal,40,152,105,2,2,83,155,150,175,194,169,215,106,167,133,19
Log_706,VM_27,H_17,78.9,30,Normal,138,95,123,154,20,235,239,113,12,85,34,46,213,155,148,237
Log_707,VM_8,H_19,68.92,96,Normal,145,158,187,124,109,36,20,13,216,90,231,59,123,22,222,110
Log_708,VM_54,H_17,65.23,31,Normal,123,156,174,29,114,89,211,37,82,26,216,103,229,115,214,220
Log_709,VM_21,H_12,33.12,87,Normal,14,186,2,9,206,119,207,144,127,210,10,175,132,68,63,249
Log_710,VM_28,H_15,47.49,61,Normal,13,49,153,71,68,134,126,15,182,77,100,55,104,131,227,47
Log_711,VM_23,H_12,92.07,832,Hypervisor_Attack,247,16,110,163,69,79,92,227,37,100,239,61,120,47,9,232
Log_712,VM_6,H_9,47.69,63,Normal,35,156,205,3,43,55,41,254,227,113,236,140,173,254,209,160
Log_713,VM_3,H_5,20.21,66,Normal,20,207,78,245,184,68,252,69,229,66,47,203,227,160,35,160
Log_714,VM_5,H_4,48.71,24,Normal,158,148,26,218,71,247,100,189,95,127,25,65,139,21,16,6
Log_715,VM_9,H_12,55.41,7,Normal,106,67,127,36,37,95,138,0,152,41,179,151,180,234,183,62
Log_716,VM_7,H_16,37.31,20,Normal,80,7,186,172,26,51,145,90,85,15,65,4,81,130,218,117
Log_717,VM_60,H_9,87.46,1603,Hypervisor_Attack,80,207,69,114,6,49,141,165,231,206,110,46,111,160,42,90
Log_718,VM_4,H_3,71.3,97,Normal,28,127,184,228,132,220,95,187,116,69,129,69,109,170,131,55
Log_719,VM_39,H_3,17.6,83,Normal,220,186,88,136,247,130,217,175,170,218,99,223,128,56,180,245
Log_720,VM_5,H_18,65.42,34,Normal,143,50,111,202,217,103,126,54,0,89,155,52,185,72,187,186
Log_721,VM_11,H_17,21.95,44,Normal,107,149,7,249,176,41,154,166,210,24,37,84,151,23,251,59
Log_722,VM_15,H_10,12.57,69,Normal,210,177,110,65,141,52,159,105,95,219,175,38,167,41,110,103
Log_723,VM_34,H_2,22.99,33,Normal,76,203,7,206,25,139,42,178,109,218,209,236,99,62,48,114
Log_724,VM_13,H_11,98.33,1503,Hypervisor_Attack,154,136,246,166,64,198,217,70,243,6,199,79,66,236,137,241
Log_725,VM_54,H_3,38.36,36,Normal,198,212,180,253,100,94,86,184,90,247,213,102,248,125,154,181
Log_726,VM_48,H_2,71.08,14,Normal,112,3,87,150,175,210,169,2,90,2,155,190,80,158,137,176
Log_727,VM_7,H_9,46.73,95,Normal,213,93,125,112,148,99,52,86,229,203,88,53,184,19,112,48
Log_728,VM_40,H_19,11.56,55,Normal,233,134,28,47,220,12,2,1,15,93,101,133,44,70,132,55
Log_729,VM_6,H_2,60.17,12,Normal,198,225,126,31,48,12,157,24,212,59,58,212,155,239,57,19
Log_730,VM_56,H_19,17.72,55,Normal,161,132,209,187,230,170,56,184,202,53,208,111,172,85,36,83
Log_731,VM_39,H_2,65.26,40,Normal,47,251,117,181,47,111,109,5,161,190,77,175,22,125,83,12
Log_732,VM_50,H_15,21.77,59,Normal,46,43,104,159,153,241,180,13,179,120,35,7,167,213,149,15
Log_733,VM_30,H_3,34.18,39,Normal,90,119,187,252,59,9,152,30,20,218,80,32,30,241,233,217
Log_734,VM_22,H_5,63.29,40,Normal,148,35,192,131,67,89,131,240,8,29,114,44,3,68,252,236
Log_735,VM_25,H_11,76.8,60,Normal,22,15,21,228,71,47,189,224,246,187,229,106,207,132,207,6
Log_736,VM_28,H_7,36.0,40,Normal,50,64,8,81,44,121,174,194,151,219,9,72,204,47,162,181
Log_737,VM_54,H_6,68.06,93,Normal,86,110,208,237,198,243,15,52,39,99,254,19,215,238,68,44
Log_738,VM_20,H_14,23.36,88,Normal,5,219,250,253,196,176,38,101,129,106,38,117,148,167,228,250
Log_739,VM_39,H_1,66.5,65,Normal,81,53,239,109,11,208,164,109,37,142,6,77,177,64,101,194
Log_740,VM_3,H_17,56.02,66,Normal,100,43,30,170,76,47,254,81,126,208,208,188,202,83,9,28
Log_741,VM_5,H_17,23.49,85,Normal,47,225,208,245,189,115,233,12,171,46,102,191,90,245,52,217
Log_742,VM_1,H_14,31.18,91,Normal,91,76,203,43,155,1,100,56,56,33,214,57,253,179,236,156
Log_743,VM_15,H_10,19.22,29,Normal,34,74,175,32,114,74,72,77,254,8,230,47,66,220,210,163
Log_744,VM_26,H_8,36.81,68,Normal,223,198,118,219,171,253,209,187,190,132,214,118,85,217,105,75
Log_745,VM_3,H_8,24.26,64,Normal,39,18,46,64,194,218,145,177,29,125,65,4,92,96,169,211
Log_746,VM_40,H_14,55.08,61,Normal,93,105,132,177,84,57,78,211,7,240,158,11,148,93,189,90
Log_747,VM_57,H_7,79.62,99,Normal,235,217,32,153,217,99,167,192,186,14,113,128,10,54,1,64
Log_748,VM_41,H_6,10.84,74,Normal,222,171,15,245,149,105,145,174,208,29,9,226,185,61,84,207
Log_749,VM_47,H_4,47.86,56,Normal,133,66,40,170,212,204,17,57,245,59,87,26,245,67,21,151
Log_750,VM_42,H_1,50.16,60,Normal,39,108,73,65,167,5,111,17,80,101,236,214,109,29,121,148
Log_751,VM_34,H_15,73.99,67,Normal,61,137,119,106,140,75,8,195,38,23,124,117,33,230,60,168
Log_752,VM_52,H_15,45.42,72,Normal,132,78,49,131,50,51,121,166,249,7,112,44,87,244,27,118
Log_753,VM_5,H_1,48.06,24,Normal,106,26,192,161,80,100,61,61,165,25,120,23,38,123,20,93
Log_754,VM_31,H_20,43.02,58,Normal,174,114,175,120,12,228,130,159,162,18,141,175,213,80,122,67
Log_755,VM_51,H_3,28.82,5,Normal,172,231,18,63,100,65,206,65,74,44,86,201,66,196,2,165
Log_756,VM_13,H_5,13.92,94,Normal,204,169,210,167,177,162,23,87,16,39,201,193,171,150,5,193
Log_757,VM_43,H_5,38.61,14,Normal,148,118,119,34,112,28,6,220,52,164,22,96,135,75,237,175
Log_758,VM_1,H_4,13.68,27,Normal,9,206,116,23,217,174,233,180,251,38,249,194,65,5,20,72
Log_759,VM_22,H_17,96.78,1229,Hypervisor_Attack,73,35,250,130,232,215,213,240,205,169,172,43,90,160,59,213
Log_760,VM_15,H_20,31.51,28,Normal,92,210,82,197,236,82,76,250,25,213,20,227,119,129,174,107
Log_761,VM_26,H_14,47.35,17,Normal,157,26,70,147,49,94,22,140,80,131,248,141,19,123,12,2
Log_762,VM_18,H_8,19.4,33,Normal,217,217,209,223,205,174,130,128,89,151,240,34,13,194,140,174
Log_763,VM_48,H_2,75.28,62,Normal,49,77,212,153,2,178,39,195,163,50,234,0,103,238,160,134
Log_764,VM_9,H_8,72.62,95,Normal,116,115,51,119,138,154,252,141,85,207,45,75,240,237,9,151
Log_765,VM_1,H_1,23.3,99,Normal,60,237,17,85,136,144,229,127,103,185,140,177,100,5,84,50
Log_766,VM_43,H_4,34.04,47,Normal,35,70,99,24,138,43,13,236,28,73,49,239,4,199,109,196
Log_767,VM_9,H_19,52.94,14,Normal,121,251,87,231,56,25,5,143,59,99,11,74,2,62,235,191
Log_768,VM_23,H_5,16.7,35,Normal,189,228,133,18,17,79,214,170,228,72,254,130,125,254,71,37
Log_769,VM_43,H_5,34.82,78,Normal,67,203,171,222,216,244,79,190,41,63,181,77,254,126,204,104
Log_770,VM_45,H_20,27.58,92,Normal,198,75,164,241,131,129,226,121,43,194,195,101,203,210,201,61
Log_771,VM_58,H_19,74.09,18,Normal,0,16,15,8,248,180,200,58,118,136,139,118,40,142,65,74
Log_772,VM_2,H_12,69.68,38,Normal,10,7,182,223,133,180,147,166,98,71,241,112,106,33,56,116
Log_773,VM_14,H_20,50.59,21,Normal,250,119,146,70,158,209,39,141,102,123,244,251,122,99,208,164
Log_774,VM_38,H_1,46.42,25,Normal,171,136,57,147,108,120,91,49,147,104,163,116,26,199,31,0
Log_775,VM_40,H_7,87.82,807,Hypervisor_Attack,16,248,136,83,44,223,65,31,44,8,29,83,165,59,0,251
Log_776,VM_18,H_17,75.27,62,Normal,248,4,62,226,163,64,77,200,221,151,131,113,205,216,195,24
Log_777,VM_16,H_2,77.85,83,Normal,201,226,246,134,233,140,195,241,42,56,163,247,141,209,71,223
Log_778,VM_53,H_11,18.78,12,Normal,26,127,105,164,214,70,203,152,66,89,3,105,227,78,95,92
Log_779,VM_29,H_7,21.24,42,Normal,73,212,125,245,15,238,146,156,115,178,17,185,171,248,15,192
Log_780,VM_44,H_17,57.37,30,Normal,239,129,55,78,102,27,192,4,105,21,116,99,237,12,64,143
Log_781,VM_11,H_3,47.9,68,Normal,246,232,85,63,31,79,50,78,185,173,179,105,244,62,75,59
Log_782,VM_6,H_6,11.29,34,Normal,64,116,80,104,127,182,242,184,241,219,70,200,85,153,244,139
Log_783,VM_3,H_11,14.34,13,Normal,70,45,46,78,165,148,141,129,199,126,108,118,197,228,100,248
Log_784,VM_14,H_18,72.17,36,Normal,160,232,5,243,217,125,102,232,36,141,36,7,230,76,140,39
Log_785,VM_60,H_18,70.82,15,Normal,106,91,185,17,56,82,165,31,213,193,251,204,214,24,219,185
Log_786,VM_2,H_10,35.01,90,Normal,202,32,87,193,157,208,103,33,101,126,213,68,175,39,178,79
Log_787,VM_32,H_5,89.08,605,Hypervisor_Attack,140,217,30,115,166,62,47,86,47,60,139,77,183,17,154,27
Log_788,VM_31,H_15,51.56,22,Normal,209,79,179,15,76,185,220,136,25,27,104,76,252,163,8,174
Log_789,VM_11,H_20,66.41,23,Normal,205,50,75,244,121,184,31,229,194,249,56,53,115,143,61,83
Log_790,VM_22,H_4,39.92,58,Normal,223,55,22,16,207,165,199,210,157,248,185,225,77,21,107,16
Log_791,VM_3,H_1,17.94,86,Normal,251,250,14,113,47,159,204,212,112,167,96,252,184,185,90,226
Log_792,VM_50,H_15,40.36,41,Normal,15,155,97,110,0,40,47,158,163,107,160,160,102,127,209,150
Log_793,VM_31,H_17,42.01,86,Normal,187,254,214,206,217,29,216,44,79,38,239,44,77,80,139,92
Log_794,VM_33,H_19,48.57,16,Normal,31,183,23,115,12,247,147,78,55,52,67,181,33,27,49,129
Log_795,VM_24,H_14,17.39,8,Normal,248,110,93,153,178,46,25,83,105,91,119,211,74,121,201,188
Log_796,VM_1,H_19,79.4,47,Normal,150,164,40,51,210,236,81,176,154,133,73,65,23,165,27,155
Log_797,VM_44,H_18,27.09,31,Normal,116,236,113,230,193,60,173,68,113,74,201,170,58,129,14,230
Log_798,VM_15,H_2,23.9,55,Normal,104,164,198,147,97,34,161,244,213,30,126,214,18,195,23,83
Log_799,VM_37,H_6,46.88,9,Normal,166,91,181,166,144,146,117,175,162,159,174,237,46,191,173,102
Log_800,VM_27,H_13,47.6,10,Normal,120,162,93,144,41,110,28,197,123,16,208,13,151,184,49,56
Log_801,VM_38,H_17,40.79,81,Normal,228,188,103,38,182,95,35,113,36,239,13,154,122,82,158,237
Log_802,VM_48,H_6,64.03,91,Normal,72,101,80,82,43,67,47,56,74,21,131,208,199,45,186,161
Log_803,VM_27,H_5,46.17,60,Normal,10,30,138,119,245,55,37,244,20,109,93,137,153,218,135,230
Log_804,VM_44,H_7,52.68,93,Normal,7,187,71,118,33,250,254,143,104,140,86,203,218,254,149,223
Log_805,VM_12,H_1,60.66,72,Normal,248,252,240,154,63,1,108,224,25,219,82,106,68,96,211,29
Log_806,VM_3,H_13,11.75,48,Normal,236,7,37,188,80,107,64,66,173,89,94,71,42,186,45,199
Log_807,VM_30,H_19,49.95,19,Normal,124,162,38,219,50,3,120,79,76,211,178,132,54,228,19,151
Log_808,VM_32,H_1,71.89,94,Normal,163,33,121,108,125,239,53,161,210,144,132,88,145,251,182,52
Log_809,VM_23,H_13,11.22,46,Normal,49,71,218,206,172,140,15,213,211,12,19,65,226,46,246,146
Log_810,VM_2,H_11,38.36,15,Normal,172,164,121,53,5,13,131,85,242,182,230,227,161,26,6,130
Log_811,VM_7,H_7,74.84,77,Normal,174,224,1,233,79,152,59,206,23,14,94,141,181,205,133,205
Log_812,VM_34,H_20,34.72,15,Normal,80,17,19,114,189,208,207,39,38,179,31,123,107,200,26,109
Log_813,VM_32,H_3,42.11,70,Normal,179,96,190,73,190,16,240,48,227,80,209,115,22,97,71,140
Log_814,VM_53,H_1,78.71,31,Normal,150,56,189,181,147,85,238,179,22,104,162,66,33,32,45,80
Log_815,VM_39,H_8,23.95,62,Normal,172,146,221,86,14,122,120,77,65,38,240,17,197,186,159,20
Log_816,VM_32,H_17,14.57,94,Normal,167,219,26,1,96,207,38,213,55,106,126,238,12,125,183,193
Log_817,VM_43,H_13,93.52,731,Hypervisor_Attack,205,55,229,232,27,63,70,209,191,183,168,118,99,40,227,235
Log_818,VM_43,H_14,97.21,1925,Hypervisor_Attack,3,184,157,87,83,45,183,158,87,6,217,76,181,135,182,196
Log_819,VM_14,H_5,43.05,25,Normal,171,140,92,19,77,159,187,177,26,119,24,51,195,20,17,38
Log_820,VM_3,H_6,45.99,76,Normal,14,52,37,175,51,215,71,27,212,143,251,117,143,34,144,200
Log_821,VM_46,H_6,68.51,5,Normal,248,98,51,220,230,209,139,82,47,21,122,247,126,176,51,78
Log_822,VM_32,H_8,61.7,62,Normal,128,65,63,7,213,24,193,242,200,200,204,197,93,206,178,180
Log_823,VM_43,H_13,28.56,17,Normal,14,177,198,121,74,103,37,167,193,114,239,38,201,107,16,134
Log_824,VM_36,H_18,11.18,77,Normal,117,231,38,195,34,50,46,35,63,94,216,104,12,145,148,111
Log_825,VM_17,H_4,96.86,1578,Hypervisor_Attack,64,227,241,7,243,47,84,42,243,180,244,84,154,18,22,114
Log_826,VM_48,H_17,70.12,10,Normal,49,178,42,98,103,115,50,105,111,196,243,168,71,138,79,230
Log_827,VM_3,H_5,72.71,91,Normal,238,215,252,212,179,150,48,165,46,71,6,65,221,76,61,214
Log_828,VM_57,H_3,76.94,62,Normal,156,37,124,228,83,160,28,113,78,22,105,130,100,247,220,172
Log_829,VM_10,H_4,71.57,21,Normal,7,85,116,28,1,232,112,250,177,236,64,107,19,179,212,36
Log_830,VM_53,H_5,89.22,612,Hypervisor_Attack,71,26,174,122,226,133,187,44,171,82,252,145,119,64,24,26
Log_831,VM_47,H_14,41.12,16,Normal,134,171,105,156,222,43,106,35,146,5,152,158,8,211,201,164
Log_832,VM_40,H_15,64.24,90,Normal,154,12,40,127,65,241,84,224,23,244,43,105,97,59,8,129
Log_833,VM_18,H_20,61.79,56,Normal,246,55,157,21,237,202,246,234,80,99,12,70,15,224,44,64
Log_834,VM_3,H_17,47.67,80,Normal,138,69,147,98,235,190,100,104,217,249,139,189,93,219,218,41
Log_835,VM_39,H_6,16.11,74,Normal,82,196,185,132,104,154,27,25,218,115,48,233,148,0,245,91
Log_836,VM_10,H_10,74.83,77,Normal,239,249,57,78,182,80,25,211,152,76,160,216,71,68,5,22
Log_837,VM_52,H_16,41.89,56,Normal,243,157,205,53,86,10,158,133,10,76,254,11,245,193,52,98
Log_838,VM_9,H_17,35.43,41,Normal,246,35,144,27,219,149,101,6,14,223,138,23,254,194,29,197
Log_839,VM_46,H_14,54.07,7,Normal,249,65,60,77,40,81,50,171,94,254,12,89,235,139,81,8
Log_840,VM_55,H_20,57.17,12,Normal,240,212,47,48,52,183,39,106,23,225,199,107,244,254,32,22
Log_841,VM_46,H_12,24.75,14,Normal,76,53,52,48,205,77,79,176,101,121,187,102,89,89,192,159
Log_842,VM_11,H_9,68.59,51,Normal,120,206,243,148,145,221,59,121,140,151,29,129,82,110,107,110
Log_843,VM_60,H_15,30.3,45,Normal,24,49,13,133,75,83,86,157,29,165,57,93,40,93,56,249
Log_844,VM_33,H_12,23.07,68,Normal,163,63,240,97,15,87,77,89,71,13,30,65,111,67,192,54
Log_845,VM_36,H_14,38.45,46,Normal,211,122,205,167,152,251,24,130,68,101,117,25,39,37,165,195
Log_846,VM_26,H_18,61.14,47,Normal,6,221,157,119,146,230,34,231,160,160,77,37,137,184,27,205
Log_847,VM_27,H_20,77.58,13,Normal,99,37,143,123,148,91,254,96,5,168,126,14,107,130,42,46
Log_848,VM_38,H_6,66.65,18,Normal,98,13,193,156,131,153,114,139,1,144,34,9,111,213,232,170
Log_849,VM_22,H_4,75.82,95,Normal,20,14,162,111,125,84,84,212,187,171,223,246,4,230,200,116
Log_850,VM_26,H_12,19.84,8,Normal,145,148,71,235,243,225,73,50,168,248,23,231,151,247,223,247
Log_851,VM_22,H_13,14.98,6,Normal,224,37,43,184,247,242,186,240,161,74,94,209,22,123,85,42
Log_852,VM_5,H_19,49.04,89,Normal,209,39,46,168,174,230,19,204,108,192,243,67,23,227,35,44
Log_853,VM_35,H_13,30.32,5,Normal,129,27,153,22,206,163,90,133,162,102,37,162,227,201,93,52
Log_854,VM_2,H_12,89.07,613,Hypervisor_Attack,232,253,37,220,243,186,42,102,113,3,4,67,227,122,172,79
Log_855,VM_35,H_20,57.04,69,Normal,152,205,10,156,161,213,141,119,151,186,166,25,170,35,166,188
Log_856,VM_9,H_3,77.95,50,Normal,143,121,229,58,95,5,97,55,135,93,26,198,154,216,119,173
Log_857,VM_51,H_3,27.84,63,Normal,168,206,24,85,145,11,86,178,108,166,88,9,221,73,225,237
Log_858,VM_51,H_14,44.0,79,Normal,76,53,156,101,168,236,136,190,204,164,141,100,72,71,166,167
Log_859,VM_49,H_18,45.09,11,Normal,53,2,182,247,110,231,160,95,70,18,33,205,49,253,174,45
Log_860,VM_18,H_19,26.74,70,Normal,183,184,82,253,50,53,250,89,80,117,155,18,26,175,243,248
Log_861,VM_43,H_10,93.84,1443,Hypervisor_Attack,146,224,178,6,156,246,170,68,93,112,106,119,185,135,169,203
Log_862,VM_12,H_17,88.81,1724,Hypervisor_Attack,41,12,153,17,41,50,243,112,211,143,100,2,253,218,78,249
Log_863,VM_3,H_15,41.27,51,Normal,97,172,149,231,22,58,189,112,67,242,53,56,232,150,110,59
Log_864,VM_18,H_19,35.39,94,Normal,72,215,212,232,237,54,116,207,62,183,254,54,24,25,176,62
Log_865,VM_56,H_9,11.19,44,Normal,172,72,78,166,224,64,68,183,8,235,197,155,172,25,27,39
Log_866,VM_38,H_4,86.82,1303,Hypervisor_Attack,142,133,26,37,195,202,84,63,29,209,98,130,189,11,90,244
Log_867,VM_7,H_15,87.63,888,Hypervisor_Attack,29,212,37,84,59,37,103,142,145,179,28,111,229,187,20,144
Log_868,VM_33,H_19,10.09,39,Normal,232,242,145,184,118,164,59,165,139,202,239,243,112,211,200,128
Log_869,VM_6,H_16,31.56,45,Normal,57,2,254,190,148,22,136,245,82,236,54,254,109,115,146,61
Log_870,VM_18,H_8,29.5,89,Normal,86,218,218,166,99,203,246,26,173,33,32,91,222,95,177,147
Log_871,VM_45,H_17,37.54,61,Normal,167,226,94,185,158,37,213,172,40,136,243,136,190,78,204,127
Log_872,VM_22,H_1,19.23,42,Normal,21,15,31,193,217,141,250,37,97,135,227,20,55,45,42,119
Log_873,VM_51,H_7,45.54,76,Normal,219,45,235,47,197,83,30,160,171,70,7,200,129,144,51,44
Log_874,VM_39,H_18,58.47,12,Normal,36,169,43,208,116,37,98,123,238,230,221,5,67,178,100,162
Log_875,VM_51,H_12,54.11,78,Normal,185,184,200,133,12,186,213,219,29,243,99,1,57,35,71,172
Log_876,VM_9,H_16,66.26,67,Normal,233,241,136,125,192,76,49,206,31,97,42,124,94,77,53,46
Log_877,VM_35,H_1,90.98,545,Hypervisor_Attack,13,175,54,156,174,62,18,90,136,100,36,106,91,51,184,215
Log_878,VM_23,H_15,46.34,8,Normal,27,35,115,63,17,88,162,195,77,166,89,7,215,207,211,14
Log_879,VM_12,H_7,66.73,52,Normal,6,249,16,85,213,117,63,11,209,55,173,174,206,100,15,196
Log_880,VM_52,H_17,39.94,56,Normal,1,127,243,91,248,104,181,154,30,168,163,46,42,64,49,220
Log_881,VM_24,H_3,59.11,42,Normal,0,199,184,143,121,27,85,81,21,40,75,146,88,177,58,68
Log_882,VM_50,H_11,40.42,98,Normal,250,161,166,122,73,238,248,6,251,100,110,179,187,51,206,233
Log_883,VM_40,H_6,39.24,91,Normal,23,25,124,217,237,89,121,9,16,244,205,1,111,204,26,200
Log_884,VM_9,H_6,63.21,9,Normal,70,175,201,247,117,8,85,22,198,239,72,26,215,92,80,83
Log_885,VM_13,H_15,22.24,89,Normal,198,42,231,6,91,82,190,83,43,166,39,134,197,24,232,58
Log_886,VM_40,H_7,33.7,74,Normal,140,102,231,85,240,208,111,85,97,61,7,112,172,145,215,59
Log_887,VM_54,H_11,25.69,85,Normal,245,59,105,1,193,90,13,47,102,244,244,55,11,223,219,54
Log_888,VM_42,H_17,35.14,93,Normal,155,109,216,3,217,35,177,130,0,16,198,61,47,61,68,146
Log_889,VM_17,H_18,26.13,28,Normal,102,109,161,226,176,207,231,241,174,230,90,232,229,113,177,88
Log_890,VM_7,H_19,50.56,90,Normal,153,55,77,13,205,24,227,131,238,206,31,81,77,249,192,105
Log_891,VM_17,H_8,65.87,81,Normal,188,19,73,9,122,215,33,188,219,154,39,192,126,32,195,70
Log_892,VM_55,H_20,65.06,21,Normal,136,143,132,97,123,150,42,113,88,184,178,12,127,151,138,51
Log_893,VM_50,H_8,35.52,82,Normal,242,16,164,12,189,218,83,96,105,95,7,55,220,103,82,197
Log_894,VM_24,H_11,79.21,94,Normal,43,187,102,111,168,148,248,213,41,201,201,243,156,207,192,144
Log_895,VM_2,H_3,51.57,87,Normal,29,25,180,124,237,18,52,84,16,173,103,212,180,104,103,191
Log_896,VM_35,H_14,37.96,30,Normal,172,176,146,123,198,80,192,36,120,69,153,129,58,223,248,239
Log_897,VM_28,H_9,68.49,7,Normal,117,132,36,30,203,98,93,175,5,14,142,188,15,19,76,43
Log_898,VM_19,H_1,61.09,6,Normal,169,45,94,161,63,156,130,8,202,202,152,213,41,249,173,72
Log_899,VM_33,H_1,99.78,1232,Hypervisor_Attack,83,58,20,201,149,156,62,72,60,63,68,167,202,128,244,105
Log_900,VM_21,H_12,23.73,6,Normal,64,121,61,181,102,59,45,4,112,149,217,180,69,159,239,10
Log_901,VM_53,H_11,42.78,26,Normal,137,238,166,246,97,30,11,242,107,79,165,66,193,51,132,138
Log_902,VM_10,H_1,70.33,75,Normal,249,24,34,162,21,164,213,182,202,95,226,222,236,116,199,191
Log_903,VM_53,H_20,45.28,8,Normal,19,105,225,3,17,50,195,19,121,136,79,153,101,24,195,168
Log_904,VM_46,H_12,57.84,42,Normal,58,44,40,37,116,18,13,126,148,142,2,36,116,241,173,15
Log_905,VM_45,H_17,51.16,88,Normal,141,8,238,6,141,133,212,14,179,71,161,103,128,95,121,240
Log_906,VM_9,H_15,91.12,981,Hypervisor_Attack,114,196,221,213,147,79,6,134,49,241,129,46,13,30,49,188
Log_907,VM_38,H_2,29.92,77,Normal,40,13,132,202,231,4,191,156,202,4,112,117,95,35,78,18
Log_908,VM_6,H_18,50.28,56,Normal,191,21,161,55,16,203,216,183,16,201,219,254,248,209,242,145
Log_909,VM_51,H_16,18.63,35,Normal,172,223,77,55,79,49,57,17,207,254,208,134,75,225,9,68
Log_910,VM_53,H_4,58.31,30,Normal,84,130,82,108,43,226,197,141,131,236,242,17,92,226,179,37
Log_911,VM_42,H_8,61.24,40,Normal,207,147,215,226,171,50,18,119,67,224,65,140,189,249,188,236
Log_912,VM_55,H_2,13.0,30,Normal,157,97,157,178,245,87,175,235,32,104,240,73,81,18,70,56
Log_913,VM_35,H_14,57.31,32,Normal,146,215,78,168,41,214,179,115,3,229,3,4,40,107,86,103
Log_914,VM_18,H_15,39.03,9,Normal,116,100,188,74,182,74,12,141,187,199,24,254,253,209,114,171
Log_915,VM_53,H_9,18.69,78,Normal,235,81,9,198,251,49,171,141,14,15,1,157,29,81,30,235
Log_916,VM_19,H_2,39.39,22,Normal,239,76,147,176,113,34,22,105,96,229,226,114,99,188,211,54
Log_917,VM_5,H_17,23.6,19,Normal,194,7,167,58,127,31,92,6,1,84,133,219,239,105,35,159
Log_918,VM_25,H_10,39.09,61,Normal,44,41,52,109,8,202,86,113,74,176,129,194,10,49,250,162
Log_919,VM_11,H_9,36.9,9,Normal,121,142,234,74,30,91,189,155,223,152,211,91,152,74,210,91
Log_920,VM_10,H_2,61.69,41,Normal,128,186,196,201,41,109,161,227,193,17,76,242,132,19,193,126
Log_921,VM_17,H_19,64.2,90,Normal,74,61,221,223,31,185,177,253,165,182,27,73,213,246,80,21
Log_922,VM_36,H_17,52.49,90,Normal,170,210,208,215,163,95,121,247,249,237,122,51,163,155,77,185
Log_923,VM_26,H_11,11.59,26,Normal,163,69,253,136,20,63,75,60,249,221,94,39,183,3,30,154
Log_924,VM_31,H_17,75.17,56,Normal,185,248,152,68,69,4,114,90,7,8,14,227,248,104,6,223
Log_925,VM_32,H_10,95.08,1526,Hypervisor_Attack,71,238,114,14,164,82,38,133,250,210,56,91,80,233,146,126
Log_926,VM_21,H_18,12.39,21,Normal,190,158,74,78,9,106,86,66,61,130,145,152,106,147,185,92
Log_927,VM_18,H_6,67.32,55,Normal,85,177,120,78,230,9,148,246,253,243,28,95,9,12,46,150
Log_928,VM_60,H_16,24.02,49,Normal,49,214,222,131,115,112,251,194,84,52,129,67,192,78,56,96
Log_929,VM_18,H_18,94.82,1972,Hypervisor_Attack,197,134,146,171,62,64,38,210,108,25,171,11,149,76,219,141
Log_930,VM_1,H_20,42.66,32,Normal,85,29,171,211,235,218,165,186,169,51,62,188,119,104,161,38
Log_931,VM_14,H_18,39.39,63,Normal,40,120,107,164,64,117,78,159,7,96,17,172,220,95,32,4
Log_932,VM_8,H_1,72.28,90,Normal,209,239,126,249,73,125,163,224,150,167,4,33,23,144,94,70
Log_933,VM_2,H_3,40.62,25,Normal,208,91,229,124,21,14,100,14,241,241,152,52,148,246,101,193
Log_934,VM_51,H_15,15.27,46,Normal,218,112,31,20,195,171,82,193,217,225,13,14,147,33,163,82
Log_935,VM_15,H_20,88.07,833,Hypervisor_Attack,8,198,157,76,218,190,235,162,140,206,173,183,8,236,214,245
Log_936,VM_60,H_10,74.44,73,Normal,35,116,231,2,225,18,155,22,103,240,236,134,104,203,252,141
Log_937,VM_34,H_5,57.91,86,Normal,45,142,194,14,50,215,243,109,7,68,189,178,62,67,205,143
Log_938,VM_36,H_15,97.6,1157,Hypervisor_Attack,211,151,5,118,56,30,5,226,206,156,66,202,130,155,73,113
Log_939,VM_1,H_14,16.5,72,Normal,96,175,79,122,137,32,227,194,196,139,184,43,12,151,171,56
Log_940,VM_51,H_15,65.35,11,Normal,95,143,223,108,228,119,99,148,110,203,50,20,59,178,20,106
Log_941,VM_21,H_10,15.28,93,Normal,125,244,133,72,192,75,185,77,133,64,85,33,55,74,2,169
Log_942,VM_42,H_9,14.8,44,Normal,189,5,5,190,147,148,1,217,222,89,55,95,9,86,249,69
Log_943,VM_1,H_12,47.62,44,Normal,150,219,112,29,127,77,164,54,223,48,33,104,171,242,21,30
Log_944,VM_32,H_7,21.21,47,Normal,134,104,148,15,19,42,171,46,113,18,47,223,206,196,138,206
Log_945,VM_20,H_5,10.54,77,Normal,156,241,44,195,240,163,175,86,14,109,171,194,95,201,167,101
Log_946,VM_54,H_10,39.62,87,Normal,85,141,190,80,212,50,111,206,185,14,64,87,182,246,75,9
Log_947,VM_47,H_8,19.61,55,Normal,237,233,41,243,252,94,10,117,143,124,200,238,77,146,158,200
Log_948,VM_36,H_20,21.24,77,Normal,227,180,230,245,89,7,151,135,210,110,175,157,57,85,54,200
Log_949,VM_39,H_16,94.28,1623,Hypervisor_Attack,121,249,189,107,254,47,131,164,135,128,219,197,46,227,244,202
Log_950,VM_30,H_12,24.36,99,Normal,4,177,23,174,17,83,155,204,4,29,0,85,81,173,68,30
Log_951,VM_7,H_9,92.74,1533,Hypervisor_Attack,197,90,183,216,92,126,155,15,53,180,139,19,81,161,246,180
Log_952,VM_22,H_10,66.62,35,Normal,191,150,108,154,112,16,175,148,177,167,125,222,2,16,188,49
Log_953,VM_57,H_16,41.68,21,Normal,121,89,86,5,155,199,54,253,185,172,199,146,101,28,150,110
Log_954,VM_50,H_10,45.46,62,Normal,159,9,90,176,192,230,28,186,44,194,50,238,100,222,127,10
Log_955,VM_45,H_9,12.29,90,Normal,213,81,127,226,5,66,61,132,136,27,210,219,218,204,252,37
Log_956,VM_10,H_3,14.85,39,Normal,42,116,148,218,189,45,197,165,48,202,238,232,244,208,247,38
Log_957,VM_56,H_19,28.03,34,Normal,70,126,157,148,0,216,159,250,248,135,68,29,114,7,112,18
Log_958,VM_8,H_11,48.07,68,Normal,235,58,182,157,78,35,54,43,154,76,77,100,181,175,29,38
Log_959,VM_27,H_6,61.77,57,Normal,238,12,121,143,171,198,111,246,246,154,44,252,118,34,206,155
Log_960,VM_10,H_6,52.35,55,Normal,226,6,189,241,109,113,50,45,19,95,37,188,103,31,153,57
Log_961,VM_14,H_15,37.45,41,Normal,166,147,81,49,206,51,85,114,149,52,212,65,231,116,42,81
Log_962,VM_46,H_15,18.28,94,Normal,150,204,63,254,232,136,112,134,168,53,64,1,131,77,31,99
Log_963,VM_59,H_13,64.65,10,Normal,129,103,241,242,191,141,147,88,233,48,135,219,190,173,148,86
Log_964,VM_52,H_5,35.47,38,Normal,159,7,222,100,15,39,105,26,103,104,145,34,112,51,142,190
Log_965,VM_54,H_14,61.52,60,Normal,52,90,80,103,65,112,241,30,60,191,100,104,232,97,33,242
Log_966,VM_11,H_2,45.91,29,Normal,182,58,2,16,77,205,45,165,34,128,253,111,156,131,60,96
Log_967,VM_6,H_12,61.71,17,Normal,144,155,177,89,135,161,58,17,94,186,154,15,249,9,103,75
Log_968,VM_21,H_20,73.51,67,Normal,149,15,11,74,211,178,128,26,194,11,29,8,52,188,53,164
Log_969,VM_33,H_14,74.47,70,Normal,192,169,48,3,191,78,178,90,199,251,187,214,78,218,158,102
Log_970,VM_19,H_19,47.46,9,Normal,110,199,221,57,246,233,81,131,238,234,21,130,78,98,174,37
Log_971,VM_39,H_20,45.81,79,Normal,160,205,175,192,116,240,25,135,49,207,37,137,41,36,153,219
Log_972,VM_24,H_15,28.6,15,Normal,139,211,48,141,45,162,28,11,115,81,43,193,1,186,16,137
Log_973,VM_18,H_20,75.51,92,Normal,17,21,82,57,52,0,215,60,227,216,227,253,158,30,254,65
Log_974,VM_35,H_17,42.05,82,Normal,146,52,203,201,94,236,252,253,149,22,243,214,142,153,130,86
Log_975,VM_52,H_14,18.93,98,Normal,147,124,108,39,120,38,119,199,17,168,197,154,227,142,36,185
Log_976,VM_43,H_18,40.29,48,Normal,4,230,253,72,134,40,211,9,189,153,67,229,23,77,168,192
Log_977,VM_37,H_5,18.89,89,Normal,144,108,23,154,6,72,106,98,121,11,84,2,78,84,9,32
Log_978,VM_19,H_12,45.18,73,Normal,45,58,51,5,129,28,118,167,96,188,195,250,67,156,228,189
Log_979,VM_53,H_10,49.29,6,Normal,59,123,83,40,214,236,209,112,216,64,245,191,78,62,225,175
Log_980,VM_24,H_8,33.64,44,Normal,147,117,36,63,218,85,242,132,33,38,66,208,61,87,151,130
Log_981,VM_56,H_6,15.02,41,Normal,108,198,88,247,66,78,220,177,28,73,31,86,38,136,100,243
Log_982,VM_34,H_15,76.05,53,Normal,231,141,67,191,147,27,13,171,225,76,222,224,115,166,27,191
Log_983,VM_22,H_12,64.13,79,Normal,88,31,136,155,249,94,16,116,214,76,54,9,79,133,175,202
Log_984,VM_4,H_6,68.72,40,Normal,249,115,194,219,252,168,78,59,204,41,115,247,108,208,70,155
Log_985,VM_57,H_12,35.68,79,Normal,101,12,251,208,14,35,219,14,237,116,74,55,94,131,226,225
Log_986,VM_10,H_15,63.26,77,Normal,51,218,137,221,172,83,28,249,52,156,150,184,177,20,111,170
Log_987,VM_2,H_12,43.98,74,Normal,137,232,75,29,124,50,160,145,77,21,63,20,128,240,106,115
Log_988,VM_8,H_9,24.08,38,Normal,123,142,35,46,181,213,31,185,173,53,160,249,232,250,166,22
Log_989,VM_33,H_19,18.71,62,Normal,170,182,1,193,165,246,242,156,243,109,123,66,230,70,163,28
Log_990,VM_59,H_2,34.15,41,Normal,118,164,112,249,227,214,44,15,239,30,161,49,192,209,121,189
Log_991,VM_38,H_13,19.63,64,Normal,231,170,183,247,14,175,48,208,171,9,19,69,7,172,33,252
Log_992,VM_43,H_13,79.88,16,Normal,223,178,245,233,3,107,241,166,211,23,215,54,25,24,35,70
Log_993,VM_59,H_8,13.44,36,Normal,201,185,238,11,128,115,177,152,207,132,82,195,5,25,112,102
Log_994,VM_28,H_13,40.88,85,Normal,119,182,166,8,44,243,13,111,54,136,14,36,177,126,116,83
Log_995,VM_10,H_4,41.65,8,Normal,71,95,110,148,184,104,146,220,57,94,117,5,3,42,92,41
Log_996,VM_45,H_6,98.48,1445,Hypervisor_Attack,2,128,235,182,14,46,84,173,57,222,198,208,247,210,38,251
Log_997,VM_1,H_6,49.99,47,Normal,130,157,34,249,184,156,177,189,51,117,13,162,155,185,29,89
Log_998,VM_34,H_12,20.5,13,Normal,134,166,94,68,162,241,238,126,51,141,62,252,35,90,151,167
Log_999,VM_3,H_12,64.87,55,Normal,156,52,108,149,71,14,112,68,115,191,3,74,145,41,240,29
Log_1000,VM_9,H_17,33.27,98,Normal,142,69,182,180,15,110,103,200,106,122,161,26,12,227,154,72
